Timestamp,User Count,Type,Name,Requests/s,Failures/s,50%,66%,75%,80%,90%,95%,98%,99%,99.9%,99.99%,100%,Total Request Count,Total Failure Count,Total Median Response Time,Total Average Response Time,Total Min Response Time,Total Max Response Time,Total Average Content Size
1791483560,0,,Aggregated,0.000000,0.000000,N/A,N/A,N/A,N/A,N/A,N/A,N/A,N/A,N/A,N/A,N/A,0,0,0,0.0,0,0,0
1791483561,20,GET,GET /health,0.000000,0.000000,0,0,0,0,0,0,0,0,0,0,0,18,0,9,19.03276622599353,1.834042021073401,64.39554199459963,73.0
1791483561,20,POST,POST /v1/predict,0.000000,0.000000,0,0,0,0,0,0,0,0,0,0,0,75,0,33,119.86840439999166,7.670249993680045,466.88479199656285,122.66666666666667
1791483561,20,,Aggregated,0.000000,0.000000,0,0,0,0,0,0,0,0,0,0,0,93,0,26,100.3518292695404,1.834042021073401,466.88479199656285,113.05376344086021
1791483562,40,GET,GET /health,0.000000,0.000000,62,93,130,140,180,230,240,240,240,240,240,36,0,63,70.79805794556806,1.834042021073401,240.44887500349432,73.0
1791483562,40,POST,POST /v1/predict,0.000000,0.000000,120,170,210,230,260,290,320,320,320,320,320,176,0,150,155.06981792482705,7.670249993680045,466.88479199656285,122.92045454545455
1791483562,40,,Aggregated,0.000000,0.000000,110,160,190,220,250,290,320,320,320,320,320,212,0,120,140.7595190604246,1.834042021073401,466.88479199656285,114.44339622641509
1791483563,60,GET,GET /health,4.000000,0.000000,130,170,200,220,250,270,280,300,300,300,300,66,0,120,123.67754866665399,1.834042021073401,300.08258399902843,73.0
1791483563,60,POST,POST /v1/predict,22.000000,0.000000,190,240,270,290,320,350,380,450,470,470,470,317,0,200,198.1646495508412,7.670249993680045,474.5360829983838,123.11041009463722
1791483563,60,,Aggregated,26.000000,0.000000,180,230,250,270,310,350,370,440,470,470,470,383,0,180,185.3287522705374,1.834042021073401,474.5360829983838,114.47519582245431
1791483564,60,GET,GET /health,15.000000,0.000000,160,210,230,240,270,290,320,370,370,370,370,91,0,160,149.48030635151645,1.834042021073401,367.39345800015144,73.0
1791483564,60,POST,POST /v1/predict,61.500000,0.000000,210,250,290,300,350,370,410,420,470,470,470,449,0,210,212.3452348407474,7.670249993680045,474.5360829983838,123.18930957683742
1791483564,60,,Aggregated,76.500000,0.000000,200,250,280,290,340,370,400,420,470,470,470,540,0,200,201.7513302249696,1.834042021073401,474.5360829983838,114.73148148148148
1791483565,60,GET,GET /health,14.666667,0.000000,170,210,230,250,280,320,330,360,370,370,370,118,0,170,160.86580122843725,1.834042021073401,367.39345800015144,73.0
1791483565,60,POST,POST /v1/predict,80.000000,0.000000,220,270,290,320,360,410,460,470,540,540,540,586,0,220,224.99097601433903,7.670249993680045,542.7775830030441,123.24573378839591
1791483565,60,,Aggregated,94.666667,0.000000,210,250,290,300,350,400,450,470,540,540,540,704,0,210,214.24272228602024,1.834042021073401,542.7775830030441,114.82386363636364
1791483566,60,GET,GET /health,20.250000,0.000000,180,220,240,270,300,360,440,480,490,490,490,137,0,180,176.59110039447938,1.834042021073401,486.1558749980759,73.0
1791483566,60,POST,POST /v1/predict,93.500000,0.000000,230,290,320,350,430,510,620,660,880,880,880,688,0,240,252.4876890006982,7.670249993680045,884.1302910004742,123.28052325581395
1791483566,60,,Aggregated,113.750000,0.000000,220,280,310,330,410,490,610,650,880,880,880,825,0,230,239.88425549881703,1.834042021073401,884.1302910004742,114.9309090909091
1791483567,60,GET,GET /health,20.800000,0.000000,180,220,250,270,330,430,440,480,490,490,490,160,0,180,186.15560705711687,1.834042021073401,486.1558749980759,73.0
1791483567,60,POST,POST /v1/predict,100.800000,0.000000,230,290,330,350,440,500,620,660,880,880,880,795,0,240,255.967329339997,7.670249993680045,884.1302910004742,123.29811320754717
1791483567,60,,Aggregated,121.600000,0.000000,220,280,320,350,420,490,600,650,880,880,880,955,0,230,244.27112455961918,1.834042021073401,884.1302910004742,114.87120418848167
1791483568,60,GET,GET /health,21.833333,0.000000,190,220,260,270,340,430,450,480,490,490,490,184,0,180,191.0924848650567,1.834042021073401,486.1558749980759,73.0
1791483568,60,POST,POST /v1/predict,105.833333,0.000000,240,300,340,360,450,510,600,650,880,880,880,916,0,240,262.10892257015917,7.670249993680045,884.1302910004742,123.32751091703057
1791483568,60,,Aggregated,127.666667,0.000000,230,290,320,350,430,490,590,640,810,880,880,1100,0,230,250.22980935403294,1.834042021073401,884.1302910004742,114.9090909090909
1791483569,60,GET,GET /health,21.000000,0.000000,190,240,270,290,360,440,480,490,510,510,510,195,0,190,200.0109617853573,1.834042021073401,513.092165987473,73.0
1791483569,60,POST,POST /v1/predict,104.142857,0.000000,250,320,350,390,470,530,610,650,860,880,880,1033,0,250,274.39331545422147,7.670249993680045,884.1302910004742,123.351403678606
1791483569,60,,Aggregated,125.142857,0.000000,240,300,350,370,450,510,600,640,860,880,880,1228,0,240,262.581785352081,1.834042021073401,884.1302910004742,115.35586319218241
1791483570,60,GET,GET /health,21.125000,0.000000,200,250,280,300,380,440,480,490,510,510,510,221,0,200,210.16120891062,1.834042021073401,513.092165987473,73.0
1791483570,60,POST,POST /v1/predict,106.750000,0.000000,250,310,350,380,460,520,610,650,860,880,880,1141,0,260,274.78244386532356,7.670249993680045,884.1302910004742,123.35933391761613
1791483570,60,,Aggregated,127.875000,0.000000,250,300,340,370,450,500,590,640,860,880,880,1362,0,250,264.29691308339295,1.834042021073401,884.1302910004742,115.18795888399413
1791483571,60,GET,GET /health,21.000000,0.000000,220,270,290,320,390,440,480,490,510,510,510,243,0,200,212.92031516987876,1.834042021073401,513.092165987473,73.0
1791483571,60,POST,POST /v1/predict,107.888889,0.000000,270,330,360,390,460,520,600,650,860,880,880,1292,0,260,275.2896095823386,7.670249993680045,884.1302910004742,123.36842105263158
1791483571,60,,Aggregated,128.888889,0.000000,260,320,350,380,440,500,590,640,860,880,880,1535,0,250,265.41616427795566,1.834042021073401,884.1302910004742,115.39478827361563
1791483572,60,GET,GET /health,20.700000,0.000000,220,270,300,330,390,440,480,490,620,620,620,260,0,200,214.0939512856466,1.834042021073401,620.1980829937384,73.0
1791483572,60,POST,POST /v1/predict,107.900000,0.000000,280,330,370,400,470,530,630,660,860,880,880,1389,0,260,277.3579902156976,7.670249993680045,884.1302910004742,123.37077033837294
1791483572,60,,Aggregated,128.600000,0.000000,270,330,360,390,460,510,610,650,860,880,880,1649,0,250,267.3830659453439,1.834042021073401,884.1302910004742,115.42874469375379
1791483573,60,GET,GET /health,22.900000,0.000000,240,300,340,360,430,480,580,620,760,760,760,281,0,210,226.03435499727846,1.834042021073401,755.1035000069533,73.0
1791483573,60,POST,POST /v1/predict,117.800000,0.000000,290,360,400,420,500,590,670,720,870,880,880,1494,0,270,288.4075170921259,7.670249993680045,884.1302910004742,123.39892904953146
1791483573,60,,Aggregated,140.700000,0.000000,290,350,390,420,490,570,660,720,870,880,880,1775,0,260,278.533230585843,1.834042021073401,884.1302910004742,115.42028169014084
1791483574,60,GET,GET /health,22.500000,0.000000,240,300,340,360,430,480,570,590,760,760,760,306,0,210,226.118824768848,1.834042021073401,755.1035000069533,73.0
1791483574,60,POST,POST /v1/predict,122.500000,0.000000,300,360,400,430,500,590,680,730,870,880,880,1603,0,270,287.8519436136257,7.670249993680045,884.1302910004742,123.40673736743605
1791483574,60,,Aggregated,145.000000,0.000000,290,350,390,420,490,570,660,720,870,880,880,1909,0,260,277.9565353545885,1.834042021073401,884.1302910004742,115.3268727082242
1791483575,60,GET,GET /health,22.700000,0.000000,240,300,340,360,430,480,570,590,760,760,760,333,0,210,223.81142118983124,1.834042021073401,755.1035000069533,73.0
1791483575,60,POST,POST /v1/predict,118.900000,0.000000,300,360,410,430,500,590,670,720,870,880,880,1757,0,270,286.4456964192673,7.670249993680045,884.1302910004742,123.41035856573706
1791483575,60,,Aggregated,141.600000,0.000000,290,350,400,420,490,570,660,720,870,880,880,2090,0,260,276.4661683563954,1.834042021073401,884.1302910004742,115.37846889952154
1791483576,60,GET,GET /health,20.800000,0.000000,240,290,330,340,390,440,570,590,760,760,760,360,0,210,223.63316460048534,1.834042021073401,755.1035000069533,73.0
1791483576,60,POST,POST /v1/predict,117.500000,0.000000,290,350,390,410,470,530,640,720,860,870,870,1877,0,270,285.85892353581426,7.670249993680045,884.1302910004742,123.41502397442727
1791483576,60,,Aggregated,138.300000,0.000000,280,340,380,400,460,520,630,720,860,870,870,2237,0,260,275.8449435551623,1.834042021073401,884.1302910004742,115.30174340634778
1791483577,60,GET,GET /health,21.200000,0.000000,240,290,320,340,390,430,570,590,760,760,760,386,0,210,222.68896482677084,1.834042021073401,755.1035000069533,73.0
1791483577,60,POST,POST /v1/predict,117.400000,0.000000,290,350,380,400,460,520,640,720,860,870,870,2003,0,270,284.8608184710628,7.670249993680045,884.1302910004742,123.41288067898152
1791483577,60,,Aggregated,138.600000,0.000000,280,330,370,390,450,510,630,720,860,870,870,2389,0,260,274.815470833266,1.834042021073401,884.1302910004742,115.26747593135202
1791483578,60,GET,GET /health,21.700000,0.000000,240,290,310,340,390,430,570,590,760,760,760,403,0,210,222.86812821887005,1.834042021073401,755.1035000069533,73.0
1791483578,60,POST,POST /v1/predict,117.500000,0.000000,280,330,370,390,450,510,640,720,860,870,870,2132,0,270,284.14709482016946,7.670249993680045,884.1302910004742,123.40525328330206
1791483578,60,,Aggregated,139.200000,0.000000,270,320,360,390,440,500,630,720,860,870,870,2535,0,260,274.40531038611675,1.834042021073401,884.1302910004742,115.39211045364891
1791483579,60,GET,GET /health,22.300000,0.000000,230,290,310,330,390,500,590,620,760,760,760,422,0,210,227.37733304795205,1.834042021073401,755.1035000069533,73.0
1791483579,60,POST,POST /v1/predict,120.100000,0.000000,280,330,380,400,480,610,720,790,880,900,900,2238,0,270,291.9720715445571,7.670249993680045,904.4241670053452,123.41554959785523
1791483579,60,,Aggregated,142.400000,0.000000,270,320,360,390,470,580,720,760,880,900,900,2660,0,260,281.72433483569716,1.834042021073401,904.4241670053452,115.4172932330827
1791483580,60,GET,GET /health,22.400000,0.000000,230,270,310,330,380,500,590,620,760,760,760,451,0,210,227.69350296733313,1.834042021073401,755.1035000069533,73.0
1791483580,60,POST,POST /v1/predict,121.400000,0.000000,290,340,380,400,480,610,720,790,880,900,900,2347,0,280,292.21710969351113,7.670249993680045,904.4241670053452,123.42053685556029
1791483580,60,,Aggregated,143.800000,0.000000,280,330,370,390,470,580,720,760,880,900,900,2798,0,260,281.81677136845525,1.834042021073401,904.4241670053452,115.29342387419585
1791483581,60,GET,GET /health,21.600000,0.000000,240,290,330,340,390,550,590,620,760,760,760,469,0,210,231.67236932681928,1.834042021073401,755.1035000069533,73.0
1791483581,60,POST,POST /v1/predict,118.300000,0.000000,290,350,390,420,520,640,730,790,880,900,900,2443,0,280,295.28210569166237,7.670249993680045,904.4241670053452,123.42202210397053
1791483581,60,,Aggregated,139.900000,0.000000,280,340,380,410,510,630,720,760,880,900,900,2912,0,270,285.03726834444,1.834042021073401,904.4241670053452,115.30116758241758
1791483582,60,GET,GET /health,22.900000,0.000000,230,270,310,330,390,450,580,620,710,710,710,500,0,220,233.70064242836088,1.834042021073401,755.1035000069533,73.0
1791483582,60,POST,POST /v1/predict,118.900000,0.000000,290,350,390,410,500,630,700,760,880,900,900,2546,0,280,296.8338367186895,7.670249993680045,904.4241670053452,123.42105263157895
1791483582,60,,Aggregated,141.800000,0.000000,280,330,380,400,490,600,690,740,880,900,900,3046,0,270,286.4705415298634,1.834042021073401,904.4241670053452,115.14445173998686
1791483583,60,GET,GET /health,22.800000,0.000000,230,270,300,310,370,450,580,620,710,710,710,527,0,220,232.8400334595805,1.834042021073401,755.1035000069533,73.0
1791483583,60,POST,POST /v1/predict,119.600000,0.000000,280,330,370,400,490,610,690,760,880,900,900,2686,0,280,296.28804516859805,7.670249993680045,904.4241670053452,123.41921072226359
1791483583,60,,Aggregated,142.400000,0.000000,270,320,360,390,470,590,690,740,880,900,900,3213,0,270,285.8812284332566,1.834042021073401,904.4241670053452,115.14939309056956
1791483584,60,GET,GET /health,22.500000,0.000000,230,260,290,310,370,450,580,620,710,710,710,556,0,220,231.9419106872976,1.834042021073401,755.1035000069533,73.0
1791483584,60,POST,POST /v1/predict,113.100000,0.000000,280,330,360,390,480,610,690,760,880,900,900,2818,0,280,294.12560437254774,7.670249993680045,904.4241670053452,123.41838183108588
1791483584,60,,Aggregated,135.600000,0.000000,270,310,350,380,460,590,690,740,880,900,900,3374,0,270,283.87838039833343,1.834042021073401,904.4241670053452,115.10995850622406
1791483585,60,GET,GET /health,23.700000,0.000000,230,270,290,310,370,450,580,620,710,710,710,576,0,220,231.49170501937988,1.834042021073401,755.1035000069533,73.0
1791483585,60,POST,POST /v1/predict,117.600000,0.000000,280,330,360,390,470,610,700,760,880,900,900,2909,0,280,292.700746103804,7.670249993680045,904.4241670053452,123.41113784805775
1791483585,60,,Aggregated,141.300000,0.000000,270,310,350,380,450,590,690,740,880,900,900,3485,0,270,282.5841298442263,1.834042021073401,904.4241670053452,115.07919655667145
1791483586,60,GET,GET /health,25.100000,0.000000,230,270,300,330,390,520,590,620,710,710,710,591,0,220,234.23598979037592,1.834042021073401,755.1035000069533,73.0
1791483586,60,POST,POST /v1/predict,119.100000,0.000000,290,340,390,420,580,660,720,770,880,900,900,3000,0,280,299.49560841500835,7.670249993680045,904.4241670053452,123.42
1791483586,60,,Aggregated,144.200000,0.000000,280,330,370,400,560,640,710,760,880,900,900,3591,0,270,288.75530359541557,1.834042021073401,904.4241670053452,115.12197159565581
1791483587,60,GET,GET /health,25.300000,0.000000,240,290,330,360,450,550,590,620,710,710,710,612,0,220,238.42674831227663,1.834042021073401,755.1035000069533,73.0
1791483587,60,POST,POST /v1/predict,119.500000,0.000000,310,380,420,460,590,680,730,770,880,900,900,3084,0,280,303.48214019809154,7.670249993680045,904.4241670053452,123.42607003891051
1791483587,60,,Aggregated,144.800000,0.000000,290,360,410,450,580,650,720,760,880,900,900,3696,0,270,292.70998115206373,1.834042021073401,904.4241670053452,115.0762987012987
1791483588,60,GET,GET /health,23.300000,0.000000,240,290,340,370,460,550,590,620,710,710,710,625,0,220,240.22478174888528,1.834042021073401,755.1035000069533,73.0
1791483588,60,POST,POST /v1/predict,113.800000,0.000000,320,400,460,510,630,690,740,810,900,900,900,3177,0,290,310.03283877457767,7.670249993680045,904.4241670053452,123.43783443500158
1791483588,60,,Aggregated,137.100000,0.000000,310,380,440,490,600,680,730,790,900,900,900,3802,0,280,298.5572902103857,1.834042021073401,904.4241670053452,115.14650184113624
1791483589,60,GET,GET /health,23.400000,0.000000,260,320,360,380,450,520,590,590,710,710,710,645,0,230,244.3118980109724,1.834042021073401,755.1035000069533,73.0
1791483589,60,POST,POST /v1/predict,112.400000,0.000000,340,430,480,510,610,670,710,750,900,900,900,3254,0,290,314.79195477376913,7.670249993680045,904.4241670053452,123.4480639213276
1791483589,60,,Aggregated,135.800000,0.000000,330,400,460,500,590,660,700,740,870,900,900,3899,0,280,303.13264812796155,1.834042021073401,904.4241670053452,115.10259040779687
1791483590,60,GET,GET /health,22.100000,0.000000,270,340,370,410,470,570,600,710,790,790,790,653,0,230,246.79541431854452,1.834042021073401,785.1633749960456,73.0
1791483590,60,POST,POST /v1/predict,105.400000,0.000000,380,470,520,560,640,690,750,790,900,900,900,3322,0,290,320.0877067281887,7.670249993680045,904.4241670053452,123.45695364238411
1791483590,60,,Aggregated,127.500000,0.000000,350,440,500,530,630,690,740,790,900,900,900,3975,0,280,308.04748862919564,1.834042021073401,904.4241670053452,115.1680503144654
1791483591,60,GET,GET /health,22.900000,0.000000,270,330,370,400,470,570,620,640,790,790,790,672,0,230,250.16844427080372,1.834042021073401,785.1633749960456,73.0
1791483591,60,POST,POST /v1/predict,105.700000,0.000000,380,470,520,570,650,700,790,850,930,930,930,3402,0,300,324.9588214659043,7.670249993680045,925.4039999796078,123.46119929453263
1791483591,60,,Aggregated,128.600000,0.000000,350,450,500,540,630,690,780,850,910,930,930,4074,0,290,312.6222644027949,1.834042021073401,925.4039999796078,115.13770250368188
1791483592,60,GET,GET /health,20.900000,0.000000,280,350,400,430,530,600,660,770,790,790,790,680,0,230,253.15093205876218,1.834042021073401,785.1633749960456,73.0
1791483592,60,POST,POST /v1/predict,101.800000,0.000000,430,520,580,610,690,780,850,880,1100,1100,1100,3484,0,300,332.8375712554473,7.670249993680045,1106.020917010028,123.4687141216992
1791483592,60,,Aggregated,122.700000,0.000000,400,500,560,590,680,760,830,870,1000,1100,1100,4164,0,290,319.82438329825567,1.834042021073401,1106.020917010028,115.22694524495677
1791483593,60,GET,GET /health,20.300000,0.000000,330,400,430,460,560,600,660,770,790,790,790,701,0,240,256.9194566832122,1.834042021073401,785.1633749960456,73.0
1791483593,60,POST,POST /v1/predict,96.600000,0.000000,470,550,590,620,700,790,850,890,1100,1100,1100,3569,0,300,335.6240186679487,7.670249993680045,1106.020917010028,123.47436256654525
1791483593,60,,Aggregated,116.900000,0.000000,450,530,580,610,690,770,840,880,1100,1100,1100,4270,0,290,322.7031994756067,1.834042021073401,1106.020917010028,115.18805620608899
1791483594,60,GET,GET /health,19.400000,0.000000,350,410,450,480,570,620,750,770,790,790,790,717,0,230,255.3605577752424,1.834042021073401,785.1633749960456,73.0
1791483594,60,POST,POST /v1/predict,95.100000,0.000000,490,570,610,640,720,800,860,900,1100,1100,1100,3684,0,300,334.52384675025564,7.670249993680045,1106.020917010028,123.47204125950054
1791483594,60,,Aggregated,114.500000,0.000000,460,540,590,620,700,790,850,890,1100,1100,1100,4401,0,290,321.6267601346945,1.834042021073401,1106.020917010028,115.24926153147013
1791483595,60,GET,GET /health,18.100000,0.000000,300,370,430,460,550,600,660,770,790,790,790,746,0,230,248.7434268979079,1.834042021073401,785.1633749960456,73.0
1791483595,60,POST,POST /v1/predict,92.100000,0.000000,450,520,580,610,690,780,850,890,1100,1100,1100,3883,0,300,329.6951482763394,7.670249993680045,1106.020917010028,123.45763584857069
1791483595,60,,Aggregated,110.200000,0.000000,430,510,560,590,680,770,840,890,1000,1100,1100,4629,0,290,316.64913744283115,1.834042021073401,1106.020917010028,115.32598833441348
1791483596,60,GET,GET /health,17.000000,0.000000,220,350,400,430,530,600,660,770,790,790,790,784,0,220,240.1749030187992,1.834042021073401,785.1633749960456,73.0
1791483596,60,POST,POST /v1/predict,87.700000,0.000000,390,500,550,590,680,770,840,890,1000,1100,1100,4069,0,290,320.2297980677473,7.670249993680045,1106.020917010028,123.43696239862373
1791483596,60,,Aggregated,104.700000,0.000000,360,480,530,570,660,760,830,880,1000,1100,1100,4853,0,280,307.29696523890425,1.834042021073401,1106.020917010028,115.28889346795796
1791483597,60,GET,GET /health,15.700000,0.000000,210,330,380,430,530,620,660,770,790,790,790,803,0,220,240.24726303452616,1.834042021073401,785.1633749960456,73.0
1791483597,60,POST,POST /v1/predict,88.100000,0.000000,380,500,560,590,700,800,870,910,1000,1100,1100,4152,0,290,323.8867394035961,7.670249993680045,1106.020917010028,123.4409922928709
1791483597,60,,Aggregated,103.800000,0.000000,350,470,530,580,680,790,860,900,1000,1100,1100,4955,0,280,310.33224908586385,1.834042021073401,1106.020917010028,115.26659939455097
1791483598,60,GET,GET /health,18.400000,0.000000,160,260,330,400,510,620,660,750,790,790,790,835,0,220,234.12042815178287,1.834042021073401,785.1633749960456,73.0
1791483598,60,POST,POST /v1/predict,101.000000,0.000000,300,440,510,560,680,790,870,910,1000,1100,1100,4338,0,290,317.53368305503756,7.670249993680045,1106.020917010028,123.43407100046105
1791483598,60,,Aggregated,119.400000,0.000000,270,410,500,540,660,770,850,900,1000,1100,1100,5173,0,280,304.06952920925795,1.834042021073401,1106.020917010028,115.29325343127779
1791483599,60,GET,GET /health,18.100000,0.000000,110,200,260,310,480,600,660,750,790,790,790,880,0,210,225.65309091795908,1.834042021073401,785.1633749960456,73.0
1791483599,60,POST,POST /v1/predict,102.000000,0.000000,230,360,450,500,640,770,850,910,1000,1100,1100,4548,0,280,309.04802765059156,7.670249993680045,1106.020917010028,123.4188654353562
1791483599,60,,Aggregated,120.100000,0.000000,220,340,410,480,620,750,840,900,1000,1100,1100,5428,0,270,295.5278463085288,1.834042021073401,1106.020917010028,115.24484156226971
1791483600,60,GET,GET /health,19.600000,0.000000,73,150,200,230,430,550,640,660,770,770,770,918,0,200,218.8874156358738,1.834042021073401,785.1633749960456,73.0
1791483600,60,POST,POST /v1/predict,108.800000,0.000000,190,300,380,440,580,700,820,890,1000,1100,1100,4747,0,280,301.0244261390122,7.670249993680045,1106.020917010028,123.40278070360228
1791483600,60,,Aggregated,128.400000,0.000000,160,280,360,410,570,680,800,870,1000,1100,1100,5665,0,260,287.7143156991391,1.834042021073401,1106.020917010028,115.2351279788173
1791483601,60,GET,GET /health,21.600000,0.000000,56,120,190,220,320,460,590,660,770,770,770,957,0,200,213.6486183946902,1.834042021073401,785.1633749960456,73.0
1791483601,60,POST,POST /v1/predict,118.600000,0.000000,150,270,340,380,520,640,790,840,1000,1000,1000,4933,0,270,295.1906095610462,7.670249993680045,1106.020917010028,123.39144536793026
1791483601,60,,Aggregated,140.200000,0.000000,130,240,310,360,500,620,780,830,1000,1000,1000,5890,0,260,281.94176651415273,1.834042021073401,1106.020917010028,115.20390492359932
1791483602,60,GET,GET /health,25.400000,0.000000,54,110,170,200,290,440,550,640,660,660,660,979,0,200,211.82360956355558,1.834042021073401,785.1633749960456,73.0
1791483602,60,POST,POST /v1/predict,135.100000,0.000000,140,250,300,360,480,590,760,840,980,1000,1000,5059,0,270,294.8323356075549,7.670249993680045,1106.020917010028,123.39316070369638
1791483602,60,,Aggregated,160.500000,0.000000,120,220,290,330,460,560,720,820,980,1000,1000,6038,0,260,281.37331891376965,1.834042021073401,1106.020917010028,115.22242464392183
1791483603,60,GET,GET /health,27.200000,0.000000,56,110,160,180,250,360,480,640,660,660,660,1005,0,200,211.85008931811782,1.834042021073401,785.1633749960456,73.0
1791483603,60,POST,POST /v1/predict,146.200000,0.000000,140,240,290,330,440,550,720,820,980,1000,1000,5193,0,270,294.850270966064,7.670249993680045,1106.020917010028,123.3997689196996
1791483603,60,,Aggregated,173.400000,0.000000,120,220,280,310,420,520,690,800,980,1000,1000,6198,0,260,281.3918678430911,1.834042021073401,1106.020917010028,115.22749273959342
1791483604,60,GET,GET /health,28.700000,0.000000,61,120,170,200,290,370,480,640,660,660,660,1026,0,200,212.72837403782944,1.834042021073401,785.1633749960456,73.0
1791483604,60,POST,POST /v1/predict,154.900000,0.000000,150,240,300,330,440,580,770,840,980,1000,1000,5297,0,270,296.01177398426114,7.670249993680045,1106.020917010028,123.4041910515386
1791483604,60,,Aggregated,183.600000,0.000000,130,220,280,310,420,530,730,830,980,1000,1000,6323,0,260,282.4978141004973,1.834042021073401,1106.020917010028,115.22536770520323
1791483605,60,GET,GET /health,30.300000,0.000000,76,130,180,220,320,370,480,640,660,660,660,1052,0,200,211.13829460728604,1.834042021073401,785.1633749960456,73.0
1791483605,60,POST,POST /v1/predict,157.300000,0.000000,160,250,300,340,460,600,780,850,980,1000,1000,5436,0,270,294.3824829609272,7.670249993680045,1106.020917010028,123.40489330389993
1791483605,60,,Aggregated,187.600000,0.000000,140,230,290,320,430,560,750,840,980,1000,1000,6488,0,260,280.8848124695538,1.834042021073401,1106.020917010028,115.2319667077682
1791483606,60,GET,GET /health,29.800000,0.000000,73,130,180,220,340,410,450,640,660,660,660,1091,0,190,207.98810935083276,1.834042021073401,785.1633749960456,73.0
1791483606,60,POST,POST /v1/predict,161.200000,0.000000,170,260,310,360,490,610,770,840,980,1000,1000,5584,0,270,293.06359929399446,7.670249993680045,1106.020917010028,123.40490687679083
1791483606,60,,Aggregated,191.000000,0.000000,150,230,300,340,460,590,750,830,980,1000,1000,6675,0,250,279.15837689279755,1.834042021073401,1106.020917010028,115.16644194756554
1791483607,60,GET,GET /health,31.000000,0.000000,63,120,180,220,320,370,440,470,640,640,640,1112,0,190,206.4319161157812,1.834042021073401,785.1633749960456,73.0
1791483607,60,POST,POST /v1/predict,160.400000,0.000000,160,250,310,340,470,580,690,750,920,960,960,5726,0,270,292.4404570166622,7.670249993680045,1106.020917010028,123.40516940272441
1791483607,60,,Aggregated,191.400000,0.000000,140,230,290,330,440,570,670,740,920,960,960,6838,0,250,278.4536922489261,1.834042021073401,1106.020917010028,115.20824802573853
1791483608,60,GET,GET /health,29.400000,0.000000,74,130,200,230,340,410,450,510,640,640,640,1129,0,190,205.22063571544288,1.834042021073401,785.1633749960456,73.0
1791483608,60,POST,POST /v1/predict,153.100000,0.000000,170,260,320,370,510,610,690,770,920,960,960,5882,0,270,291.1141116683604,7.670249993680045,1106.020917010028,123.40428425705542
1791483608,60,,Aggregated,182.500000,0.000000,150,240,300,350,480,590,690,750,920,960,960,7011,0,250,277.2824565049252,1.834042021073401,1106.020917010028,115.28754813863928
1791483609,60,GET,GET /health,31.300000,0.000000,96,180,230,250,350,420,450,510,640,640,640,1150,0,190,204.99879762150712,1.834042021073401,785.1633749960456,73.0
1791483609,60,POST,POST /v1/predict,155.700000,0.000000,200,290,360,410,540,620,700,770,920,960,960,5994,0,270,291.653247859857,7.670249993680045,1106.020917010028,123.4084084084084
1791483609,60,,Aggregated,187.000000,0.000000,180,270,340,380,520,600,690,750,920,960,960,7144,0,250,277.70411323302295,1.834042021073401,1106.020917010028,115.2939529675252
1791483610,60,GET,GET /health,30.900000,0.000000,120,200,240,290,370,430,480,510,640,640,640,1177,0,190,204.9229239368714,1.834042021073401,785.1633749960456,73.0
1791483610,60,POST,POST /v1/predict,157.600000,0.000000,220,310,390,450,570,630,710,770,920,960,960,6104,0,270,291.9446083715503,7.670249993680045,1106.020917010028,123.41186107470512
1791483610,60,,Aggregated,188.500000,0.000000,200,290,360,410,550,610,690,750,920,960,960,7281,0,250,277.87723815047946,1.834042021073401,1106.020917010028,115.26260129103146
1791483611,60,GET,GET /health,28.700000,0.000000,120,190,240,270,370,430,470,490,640,640,640,1207,0,190,201.94854678760893,1.834042021073401,785.1633749960456,73.0
1791483611,60,POST,POST /v1/predict,151.400000,0.000000,210,300,380,440,570,630,710,770,920,960,960,6314,0,260,288.0685299464275,7.670249993680045,1106.020917010028,123.4063984795692
1791483611,60,,Aggregated,180.100000,0.000000,200,280,360,400,550,620,690,750,920,960,960,7521,0,250,274.24765244706646,1.834042021073401,1106.020917010028,115.31697912511635
1791483612,60,GET,GET /health,26.500000,0.000000,120,180,230,250,370,430,470,490,640,640,640,1228,0,180,200.20450479451947,1.834042021073401,785.1633749960456,73.0
1791483612,60,POST,POST /v1/predict,141.100000,0.000000,200,280,350,400,550,610,690,730,850,850,850,6496,0,260,284.80477006459625,7.670249993680045,1106.020917010028,123.39993842364532
1791483612,60,,Aggregated,167.600000,0.000000,180,270,340,380,520,600,670,720,850,850,850,7724,0,240,271.35459842404026,1.834042021073401,1106.020917010028,115.38710512687726
1791483613,60,GET,GET /health,25.200000,0.000000,90,150,210,240,340,410,460,490,640,640,640,1277,0,180,195.19359502486375,1.834042021073401,785.1633749960456,73.0
1791483613,60,POST,POST /v1/predict,134.800000,0.000000,170,260,330,380,530,600,680,730,850,850,850,6680,0,250,280.893005233472,7.670249993680045,1106.020917010028,123.39131736526946
1791483613,60,,Aggregated,160.000000,0.000000,160,250,310,360,500,590,670,710,850,850,850,7957,0,240,267.13931077118787,1.834042021073401,1106.020917010028,115.30413472414226
1791483614,60,GET,GET /health,25.800000,0.000000,77,120,180,230,330,410,480,550,600,600,600,1316,0,180,193.6345941714955,1.834042021073401,785.1633749960456,73.0
1791483614,60,POST,POST /v1/predict,141.800000,0.000000,160,240,310,370,520,600,690,750,870,880,880,6853,0,250,278.3259944851404,7.670249993680045,1106.020917010028,123.38333576535824
1791483614,60,,Aggregated,167.600000,0.000000,140,220,280,340,500,590,680,740,870,880,880,8169,0,240,264.6824784106202,1.834042021073401,1106.020917010028,115.26674011506917
1791483615,60,GET,GET /health,25.800000,0.000000,66,110,170,210,320,410,480,550,600,600,600,1358,0,170,189.73229204545663,1.834042021073401,785.1633749960456,73.0
1791483615,60,POST,POST /v1/predict,146.500000,0.000000,140,210,280,340,500,600,690,750,870,880,880,7067,0,240,273.43555812814157,7.670249993680045,1106.020917010028,123.37314277628414
1791483615,60,,Aggregated,172.300000,0.000000,130,200,270,310,470,580,670,730,870,880,880,8425,0,230,259.9436844972466,1.834042021073401,1106.020917010028,115.25364985163205
1791483616,60,GET,GET /health,28.400000,0.000000,68,110,150,180,290,370,480,550,600,600,600,1384,0,170,187.53841291378572,1.834042021073401,785.1633749960456,73.0
1791483616,60,POST,POST /v1/predict,149.600000,0.000000,140,210,270,320,460,580,680,750,870,880,880,7251,0,240,270.58862145575625,7.670249993680045,1106.020917010028,123.36919045648877
1791483616,60,,Aggregated,178.000000,0.000000,130,190,260,290,430,560,660,730,870,880,880,8635,0,230,257.27750522853086,1.834042021073401,1106.020917010028,115.29612044006949
1791483617,60,GET,GET /health,29.100000,0.000000,78,120,170,190,290,350,460,500,600,600,600,1417,0,170,186.76059454666427,1.834042021073401,785.1633749960456,73.0
1791483617,60,POST,POST /v1/predict,156.200000,0.000000,140,210,270,320,430,540,640,750,870,880,880,7379,0,240,270.2306758893872,7.670249993680045,1106.020917010028,123.37159506708225
1791483617,60,,Aggregated,185.300000,0.000000,130,200,260,290,410,520,610,710,870,880,880,8796,0,230,256.78398361305204,1.834042021073401,1106.020917010028,115.25693497044111
1791483618,60,GET,GET /health,30.600000,0.000000,78,120,160,180,270,330,420,490,600,600,600,1443,0,170,185.64188442249767,1.834042021073401,785.1633749960456,73.0
1791483618,60,POST,POST /v1/predict,163.300000,0.000000,150,210,270,300,400,490,600,710,870,880,880,7536,0,240,269.0334999733016,7.670249993680045,1106.020917010028,123.37208067940551
1791483618,60,,Aggregated,193.900000,0.000000,130,200,250,280,390,480,590,680,870,880,880,8979,0,230,255.63177358508278,1.834042021073401,1106.020917010028,115.27686824813453
1791483619,60,GET,GET /health,30.100000,0.000000,69,110,150,170,240,290,390,480,600,600,600,1471,0,160,183.56558549478092,1.834042021073401,785.1633749960456,73.0
1791483619,60,POST,POST /v1/predict,166.900000,0.000000,140,200,250,280,380,450,590,710,870,880,880,7734,0,240,266.26870113017776,7.670249993680045,1106.020917010028,123.36785621929144
1791483619,60,,Aggregated,197.000000,0.000000,120,180,230,270,360,440,570,670,870,880,880,9205,0,220,253.0523748836078,1.834042021073401,1106.020917010028,115.3188484519283
1791483620,60,GET,GET /health,30.700000,0.000000,64,100,130,160,220,280,340,410,600,600,600,1507,0,160,180.87924845769984,1.834042021073401,785.1633749960456,73.0
1791483620,60,POST,POST /v1/predict,164.900000,0.000000,130,180,230,260,360,420,500,710,870,880,880,7843,0,230,264.66993887754506,7.670249993680045,1106.020917010028,123.36478388371796
1791483620,60,,Aggregated,195.600000,0.000000,120,170,210,250,330,410,490,610,870,880,880,9350,0,220,251.16485112752179,1.834042021073401,1106.020917010028,115.24716577540107
1791483621,60,GET,GET /health,31.400000,0.000000,69,110,150,170,250,340,500,780,820,820,820,1517,0,160,182.98657454958757,1.834042021073401,820.372457994381,73.0
1791483621,60,POST,POST /v1/predict,169.000000,0.000000,140,200,250,280,390,470,690,790,1100,1300,1300,7875,0,230,266.0564256287623,7.670249993680045,1267.6329170062672,123.36647619047619
1791483621,60,,Aggregated,200.400000,0.000000,120,180,230,260,370,460,660,790,1100,1300,1300,9392,0,220,252.63894648831095,1.834042021073401,1267.6329170062672,115.23126064735945
1791483622,60,GET,GET /health,33.000000,0.000000,71,110,150,170,250,350,500,780,820,820,820,1517,0,160,182.98657454958757,1.834042021073401,820.372457994381,73.0
1791483622,60,POST,POST /v1/predict,176.300000,0.000000,130,190,240,280,380,480,710,810,1300,1300,1300,7876,0,230,266.18865232370536,7.670249993680045,1307.4738750001416,123.3665566277298
1791483622,60,,Aggregated,209.300000,0.000000,120,180,220,260,370,470,710,810,1300,1300,1300,9393,0,220,252.75124659780863,1.834042021073401,1307.4738750001416,115.23219418716066
1791483623,60,GET,GET /health,33.000000,0.000000,70,120,160,190,270,360,500,780,820,820,820,1517,0,160,182.98657454958757,1.834042021073401,820.372457994381,73.0
1791483623,60,POST,POST /v1/predict,176.300000,0.000000,140,200,250,290,400,500,760,820,1300,1300,1300,7876,0,230,266.18865232370536,7.670249993680045,1307.4738750001416,123.3665566277298
1791483623,60,,Aggregated,209.300000,0.000000,130,180,230,270,380,480,750,810,1300,1300,1300,9393,0,220,252.75124659780863,1.834042021073401,1307.4738750001416,115.23219418716066
1791483624,60,GET,GET /health,29.800000,0.000000,71,120,160,170,230,360,780,820,3300,3300,3300,1518,0,160,185.0262217613459,1.834042021073401,3279.1710419987794,73.0
1791483624,60,POST,POST /v1/predict,147.800000,0.000000,150,200,250,290,380,470,610,840,3400,3400,3400,7877,0,230,266.58065526666434,7.670249993680045,3353.9958340115845,123.36663704456011
1791483624,60,,Aggregated,177.600000,0.000000,130,190,230,270,370,450,610,820,3300,3400,3400,9395,0,220,253.4034727162562,1.834042021073401,3353.9958340115845,115.22863225119744
1791483625,60,GET,GET /health,26.700000,0.000000,98,150,170,200,270,430,810,3300,5000,5000,5000,1519,0,160,188.17375294056092,1.834042021073401,4966.126082988922,73.0
1791483625,60,POST,POST /v1/predict,131.200000,0.000000,170,240,290,320,420,540,810,1300,5300,5300,5300,7882,0,230,269.52298833754264,7.670249993680045,5263.219624990597,123.3669119512814
1791483625,60,,Aggregated,157.900000,0.000000,160,220,270,300,410,520,810,1300,5300,5300,5300,9401,0,220,256.3786963932787,1.834042021073401,5263.219624990597,115.22869907456653
1791483626,60,GET,GET /health,22.500000,0.000000,99,150,190,210,360,780,5000,5200,5400,5400,5400,1522,0,160,194.961263091807,1.834042021073401,5445.891792012844,73.0
1791483626,60,POST,POST /v1/predict,115.100000,0.000000,180,250,300,350,470,710,4400,5300,6400,6400,6400,7893,1,230,275.7267398162284,7.670249993680045,6443.400207994273,123.35436462688457
1791483626,60,,Aggregated,137.600000,0.000000,160,230,280,320,460,710,4400,5300,6400,6400,6400,9415,1,220,262.67044076422843,1.834042021073401,6443.400207994273,115.21423260754116
1791483627,60,GET,GET /health,19.100000,0.000000,100,150,210,250,820,5900,6200,6300,6300,6300,6300,1538,0,160,219.23257848945772,1.834042021073401,6307.394333009142,73.0
1791483627,60,POST,POST /v1/predict,95.700000,0.000000,180,260,350,420,1300,6200,6500,6800,7000,7000,7000,8010,1,240,303.656603754984,7.670249993680045,7037.482957995962,123.36192259675406
1791483627,60,,Aggregated,114.800000,0.000000,170,240,330,410,1300,6100,6400,6800,7000,7000,7000,9548,1,220,290.057509613971,1.834042021073401,7037.482957995962,115.2495810640972
1791483628,60,GET,GET /health,15.400000,0.000000,110,170,250,350,820,5900,6200,6300,6300,6300,6300,1563,0,160,218.27820436645794,1.834042021073401,6307.394333009142,73.0
1791483628,60,POST,POST /v1/predict,76.000000,0.000000,220,330,420,520,2200,6200,6600,6800,7000,7000,7000,8117,1,240,303.60997499573944,7.670249993680045,7037.482957995962,123.36429715412098
1791483628,60,,Aggregated,91.400000,0.000000,190,320,410,480,2000,6200,6400,6800,7000,7000,7000,9680,1,220,289.8317149240886,1.834042021073401,7037.482957995962,115.23212809917355
1791483629,60,GET,GET /health,15.400000,0.000000,190,300,430,480,5200,6100,6300,6300,6300,6300,6300,1566,0,160,218.286729437943,1.834042021073401,6307.394333009142,73.0
1791483629,60,POST,POST /v1/predict,76.000000,0.000000,330,480,690,860,6000,6300,6800,6800,7000,7000,7000,8134,1,240,303.7444509158454,7.670249993680045,7037.482957995962,123.36464224243915
1791483629,60,,Aggregated,91.400000,0.000000,320,430,630,840,5900,6300,6800,6800,7000,7000,7000,9700,1,220,289.94787443807127,1.834042021073401,7037.482957995962,115.23360824742268
1791483630,60,GET,GET /health,11.500000,0.000000,190,360,1400,2000,5900,6200,6300,6300,6300,6300,6300,1571,0,160,222.18953535955353,1.834042021073401,6307.394333009142,73.0
1791483630,60,POST,POST /v1/predict,60.500000,0.100000,370,570,1500,1900,6200,6400,6800,6900,7000,7000,7000,8154,1,240,307.3021818124161,7.670249993680045,7037.482957995962,123.36509688496443
1791483630,60,,Aggregated,72.000000,0.100000,350,550,1400,1900,6100,6300,6800,6800,7000,7000,7000,9725,1,220,293.5528792337567,1.834042021073401,7037.482957995962,115.2289974293059
1791483631,60,GET,GET /health,11.500000,0.000000,280,940,1400,2000,5900,6200,6300,6300,6300,6300,6300,1576,0,160,225.93581935333657,1.834042021073401,6307.394333009142,73.0
1791483631,60,POST,POST /v1/predict,53.300000,0.100000,370,740,1600,2200,6200,6400,6800,6900,7000,7000,7000,8170,1,240,309.7336298090994,7.670249993680045,7037.482957995962,123.36621787025703
1791483631,60,,Aggregated,64.800000,0.100000,370,760,1600,2200,6100,6300,6800,6800,7000,7000,7000,9746,1,220,296.18290650945875,1.834042021073401,7037.482957995962,115.22162938641495
1791483632,60,GET,GET /health,7.200000,0.000000,190,460,1200,1400,5000,6100,6300,6300,6300,6300,6300,1599,0,160,229.12688188543433,1.834042021073401,6307.394333009142,73.0
1791483632,60,POST,POST /v1/predict,32.300000,0.100000,320,590,1400,2000,5200,6300,6700,6800,7000,7000,7000,8314,1,240,319.029487094921,7.670249993680045,7037.482957995962,123.36817416406062
1791483632,60,,Aggregated,39.500000,0.100000,310,560,1400,1900,5200,6200,6600,6800,7000,7000,7000,9913,1,220,304.5278966853592,1.834042021073401,7037.482957995962,115.24361948955917
1791483633,60,GET,GET /health,5.500000,0.000000,190,300,550,1200,3300,5900,6200,6300,6300,6300,6300,1622,0,160,228.39303178412788,1.834042021073401,6307.394333009142,73.0
1791483633,60,POST,POST /v1/predict,28.700000,0.100000,260,440,850,1400,3500,6200,6500,6800,7000,7000,7000,8434,1,240,318.22039230625785,7.670249993680045,7037.482957995962,123.36625563196586
1791483633,60,,Aggregated,34.200000,0.100000,240,430,820,1300,3500,6100,6400,6800,7000,7000,7000,10056,1,220,303.73153204701833,1.834042021073401,7037.482957995962,115.24234287987271
1791483634,60,GET,GET /health,6.600000,0.000000,190,300,550,1100,2900,5900,6200,6300,6300,6300,6300,1623,0,160,228.7058780109933,1.834042021073401,6307.394333009142,73.0
1791483634,60,POST,POST /v1/predict,33.000000,0.100000,270,480,930,1400,3500,6200,6500,6800,7000,7000,7000,8450,1,240,319.44308422117695,7.670249993680045,7037.482957995962,123.36710059171598
1791483634,60,,Aggregated,39.600000,0.100000,250,440,850,1300,3500,6100,6400,6800,7000,7000,7000,10073,1,220,304.82316109210456,1.834042021073401,7037.482957995962,115.25176213640425
1791483635,60,GET,GET /health,8.900000,0.000000,190,330,670,1100,1600,5400,6200,6300,6300,6300,6300,1641,0,160,232.34042723571707,1.834042021073401,6307.394333009142,73.0
1791483635,60,POST,POST /v1/predict,47.600000,0.100000,300,590,1100,1500,3000,6000,6400,6800,7000,7000,7000,8534,1,240,325.4363062212117,7.670249993680045,7037.482957995962,123.37309585188657
1791483635,60,,Aggregated,56.500000,0.100000,270,530,1100,1400,2900,6000,6300,6800,7000,7000,7000,10175,1,220,310.4220224457604,1.834042021073401,7037.482957995962,115.24904176904177
1791483636,60,GET,GET /health,10.500000,0.000000,200,300,550,740,1400,2600,6100,6200,6300,6300,6300,1656,0,160,233.64852607177244,1.834042021073401,6307.394333009142,73.0
1791483636,60,POST,POST /v1/predict,56.400000,0.100000,280,480,810,1100,1800,3000,6000,6300,7000,7000,7000,8615,1,240,326.79128325546696,7.670249993680045,7037.482957995962,123.37562391178177
1791483636,60,,Aggregated,66.900000,0.100000,260,450,770,1000,1700,3000,6100,6200,7000,7000,7000,10271,1,220,311.7738160277171,1.834042021073401,7037.482957995962,115.25352935449324
1791483637,60,GET,GET /health,10.800000,0.000000,200,300,510,710,1300,1400,2600,2900,3300,3300,3300,1662,0,160,233.7970755673057,1.834042021073401,6307.394333009142,73.0
1791483637,60,POST,POST /v1/predict,58.900000,0.100000,300,600,890,1100,1700,2800,3400,3600,3700,3700,3700,8638,1,240,328.00891116262204,7.670249993680045,7037.482957995962,123.37624450104191
1791483637,60,,Aggregated,69.700000,0.100000,260,540,820,1000,1600,2400,3300,3500,3700,3700,3700,10300,1,220,312.8069625452009,1.834042021073401,7037.482957995962,115.24757281553399
1791483638,60,GET,GET /health,12.700000,0.000000,200,300,530,710,1300,1500,2600,2900,3300,3300,3300,1672,0,160,235.29347022663583,1.834042021073401,6307.394333009142,73.0
1791483638,60,POST,POST /v1/predict,67.400000,0.100000,340,760,1200,1400,1800,2300,3300,3500,3700,3700,3700,8713,1,240,336.5249482716372,7.670249993680045,7037.482957995962,123.38379433031103
1791483638,60,,Aggregated,80.100000,0.100000,300,680,1000,1400,1700,2200,3300,3500,3700,3700,3700,10385,1,230,320.2265340885593,1.834042021073401,7037.482957995962,115.27193066923448
1791483639,60,GET,GET /health,13.700000,0.000000,220,340,550,720,1300,1500,2600,2900,3300,3300,3300,1693,0,160,234.93134502768578,1.834042021073401,6307.394333009142,73.0
1791483639,60,POST,POST /v1/predict,71.500000,0.000000,340,720,1100,1400,1800,2200,3300,3500,3700,3700,3700,8817,1,240,335.8214955996152,7.670249993680045,7037.482957995962,123.38471135306794
1791483639,60,,Aggregated,85.200000,0.000000,300,660,1000,1400,1700,2200,3300,3500,3700,3700,3700,10510,1,230,319.5696378528696,1.834042021073401,7037.482957995962,115.2685061845861
1791483640,60,GET,GET /health,12.100000,0.000000,220,310,430,550,990,1500,2600,2900,3300,3300,3300,1711,0,160,234.98348536928597,1.834042021073401,6307.394333009142,73.0
1791483640,60,POST,POST /v1/predict,60.000000,0.000000,280,530,830,1100,1700,2100,3300,3500,3700,3700,3700,8951,1,240,335.60426739514446,7.670249993680045,7037.482957995962,123.38632555021785
1791483640,60,,Aggregated,72.100000,0.000000,260,490,770,970,1600,2000,3000,3500,3700,3700,3700,10662,1,230,319.45700064910574,1.834042021073401,7037.482957995962,115.30050647158131
1791483641,60,GET,GET /health,10.600000,0.000000,170,270,330,420,690,990,1500,1500,1600,1600,1600,1740,0,160,233.45059325281952,1.834042021073401,6307.394333009142,73.0
1791483641,60,POST,POST /v1/predict,58.000000,0.000000,240,430,640,770,1500,1800,2200,3500,3700,3700,3700,9099,1,240,333.7536019254674,7.670249993680045,7037.482957995962,123.38487745906143
1791483641,60,,Aggregated,68.600000,0.000000,230,400,550,710,1400,1700,2100,3400,3700,3700,3700,10839,1,230,317.6518180809772,1.834042021073401,7037.482957995962,115.29652181935603
1791483642,60,GET,GET /health,13.200000,0.000000,170,270,330,380,660,990,1500,1500,1600,1600,1600,1765,0,160,232.45337047355602,1.834042021073401,6307.394333009142,73.0
1791483642,60,POST,POST /v1/predict,69.700000,0.000000,280,440,580,700,1400,1700,1900,2100,2200,2200,2200,9241,1,240,333.14649512172844,7.670249993680045,7037.482957995962,123.38718753381669
1791483642,60,,Aggregated,82.900000,0.000000,260,420,530,660,1200,1600,1900,2100,2200,2200,2200,11006,1,230,316.99863350042654,1.834042021073401,7037.482957995962,115.30674177721242
1791483643,60,GET,GET /health,14.300000,0.000000,140,270,320,350,600,900,1500,1500,1600,1600,1600,1788,0,160,230.75362868724957,1.834042021073401,6307.394333009142,73.0
1791483643,60,POST,POST /v1/predict,83.300000,0.000000,280,420,510,650,1300,1700,1900,2100,2200,2200,2200,9381,1,240,331.6690518824246,7.670249993680045,7037.482957995962,123.38705894893934
1791483643,60,,Aggregated,97.600000,0.000000,260,390,480,600,1200,1600,1900,2000,2200,2200,2200,11169,1,230,315.51391026965746,1.834042021073401,7037.482957995962,115.32079863909034
1791483644,60,GET,GET /health,15.900000,0.000000,120,230,290,320,480,710,1500,1500,1600,1600,1600,1814,0,160,229.10718555061817,1.834042021073401,6307.394333009142,73.0
1791483644,60,POST,POST /v1/predict,91.400000,0.000000,270,400,470,550,900,1600,1900,2100,2200,2200,2200,9516,1,240,331.0869564287656,7.670249993680045,7037.482957995962,123.3900798654897
1791483644,60,,Aggregated,107.300000,0.000000,250,380,450,510,830,1600,1900,2000,2200,2200,2200,11330,1,230,314.75939205339176,1.834042021073401,7037.482957995962,115.32233009708737
1791483645,60,GET,GET /health,16.200000,0.000000,110,230,290,320,430,660,900,1500,1600,1600,1600,1829,0,160,229.60640730665313,1.834042021073401,6307.394333009142,73.0
1791483645,60,POST,POST /v1/predict,91.000000,0.000000,270,390,470,530,810,1400,1800,2000,2200,2200,2200,9608,1,240,332.255260013552,7.670249993680045,7037.482957995962,123.39154870940882
1791483645,60,,Aggregated,107.200000,0.000000,250,360,440,500,770,1200,1700,1900,2200,2200,2200,11437,1,230,315.83970072344596,1.834042021073401,7037.482957995962,115.33295444609601
1791483646,60,GET,GET /health,17.100000,0.000000,120,250,300,320,420,540,740,1500,1600,1600,1600,1844,0,160,230.51997282100805,1.834042021073401,6307.394333009142,73.0
1791483646,60,POST,POST /v1/predict,96.400000,0.000000,270,390,460,510,770,1400,1800,2000,2200,2200,2200,9684,1,240,333.4846502518722,7.670249993680045,7037.482957995962,123.39487814952498
1791483646,60,,Aggregated,113.500000,0.000000,260,360,440,480,720,1100,1700,1900,2200,2200,2200,11528,1,230,317.0145890805903,1.834042021073401,7037.482957995962,115.33379597501735
1791483647,60,GET,GET /health,19.200000,0.000000,130,260,300,330,430,540,960,1500,1600,1600,1600,1854,0,160,231.13007805496179,1.834042021073401,6307.394333009142,73.0
1791483647,60,POST,POST /v1/predict,107.800000,0.000000,290,400,480,540,800,1200,1800,2000,2200,2200,2200,9754,1,240,335.1998580321976,7.670249993680045,7037.482957995962,123.3976830018454
1791483647,60,,Aggregated,127.000000,0.000000,270,380,460,510,750,1100,1700,1900,2200,2200,2200,11608,1,230,318.5780995830402,1.834042021073401,7037.482957995962,115.34829427980704
1791483648,60,GET,GET /health,18.500000,0.000000,140,270,310,330,470,600,960,1100,1400,1400,1400,1862,0,160,233.12311634367518,1.834042021073401,6307.394333009142,73.0
1791483648,60,POST,POST /v1/predict,105.600000,0.000000,280,390,470,510,700,860,1200,1300,1600,1800,1800,9781,1,240,337.0132636275546,7.670249993680045,7037.482957995962,123.3987322359677
1791483648,60,,Aggregated,124.100000,0.000000,260,370,440,490,670,860,1100,1300,1600,1800,1800,11643,1,230,320.3986922763043,1.834042021073401,7037.482957995962,115.33874430988577
1791483649,60,GET,GET /health,18.300000,0.000000,150,270,320,350,540,960,1500,1600,1600,1600,1600,1876,0,160,236.96885337045458,1.834042021073401,6307.394333009142,73.0
1791483649,60,POST,POST /v1/predict,105.400000,0.000000,290,420,500,580,810,1100,1600,1700,1800,2000,2000,9837,1,240,341.13417379567306,7.670249993680045,7037.482957995962,123.40144352953136
1791483649,60,,Aggregated,123.700000,0.000000,270,390,480,550,800,1100,1600,1700,1800,2000,2000,11713,1,230,324.45064770349063,1.834042021073401,7037.482957995962,115.32895073849569
1791483650,60,GET,GET /health,19.200000,0.000000,160,300,350,400,620,1000,1500,1600,1600,1600,1600,1895,0,160,239.0034319741386,1.834042021073401,6307.394333009142,73.0
1791483650,60,POST,POST /v1/predict,111.400000,0.000000,320,460,570,660,990,1300,1600,1800,2000,2000,2000,9911,1,250,344.83824001614767,7.670249993680045,7037.482957995962,123.40409645848048
1791483650,60,,Aggregated,130.600000,0.000000,300,430,530,640,960,1300,1600,1700,1800,2000,2000,11806,1,230,327.8505251898196,1.834042021073401,7037.482957995962,115.31365407419956
1791483651,60,GET,GET /health,19.200000,0.000000,150,280,330,380,620,1000,1500,1600,1600,1600,1600,1924,0,160,237.28120300882574,1.834042021073401,6307.394333009142,73.0
1791483651,60,POST,POST /v1/predict,107.700000,0.000000,300,430,550,650,980,1300,1600,1800,2000,2000,2000,10075,1,240,342.46554317688333,7.670249993680045,7037.482957995962,123.40059553349876
1791483651,60,,Aggregated,126.900000,0.000000,280,400,510,610,950,1300,1600,1700,1800,2000,2000,11999,1,230,325.59958180648874,1.834042021073401,7037.482957995962,115.3190265855488
1791483652,60,GET,GET /health,17.900000,0.000000,140,250,320,360,620,1000,1500,1600,1600,1600,1600,1954,0,160,235.06393413355934,1.834042021073401,6307.394333009142,73.0
1791483652,60,POST,POST /v1/predict,100.600000,0.000000,270,390,500,600,950,1300,1600,1700,1800,2000,2000,10266,1,240,339.1019106606281,7.670249993680045,7037.482957995962,123.39781804013248
1791483652,60,,Aggregated,118.500000,0.000000,250,360,470,570,930,1300,1600,1700,1800,2000,2000,12220,1,230,322.4660509115355,1.834042021073401,7037.482957995962,115.33911620294599
1791483653,60,GET,GET /health,18.400000,0.000000,150,250,320,380,620,1000,1500,1600,1600,1600,1600,1978,0,160,233.9544318564686,1.834042021073401,6307.394333009142,73.0
1791483653,60,POST,POST /v1/predict,93.900000,0.000000,270,400,510,620,970,1300,1600,1800,2000,2000,2000,10381,1,240,338.50474953453426,7.670249993680045,7037.482957995962,123.39890183989982
1791483653,60,,Aggregated,112.300000,0.000000,250,370,480,580,940,1300,1600,1700,1800,2000,2000,12359,1,230,321.7719614151689,1.834042021073401,7037.482957995962,115.33279391536531
1791483654,60,GET,GET /health,18.700000,0.000000,150,260,340,420,680,1000,1500,1600,1600,1600,1600,2001,0,160,233.28153981415238,1.834042021073401,6307.394333009142,73.0
1791483654,60,POST,POST /v1/predict,97.600000,0.000000,280,410,530,650,990,1300,1600,1800,2000,2000,2000,10494,1,240,338.1889480133299,7.670249993680045,7037.482957995962,123.39956165427864
1791483654,60,,Aggregated,116.300000,0.000000,260,380,500,620,950,1300,1600,1700,1800,2000,2000,12495,1,230,321.3886499895944,1.834042021073401,7037.482957995962,115.32837134853942
1791483655,60,GET,GET /health,19.000000,0.000000,150,230,320,370,680,1000,1500,1600,1600,1600,1600,2020,0,160,232.73754763077787,1.834042021073401,6307.394333009142,73.0
1791483655,60,POST,POST /v1/predict,103.000000,0.000000,280,390,500,630,990,1300,1600,1800,2000,2000,2000,10579,1,240,338.7594892111741,7.670249993680045,7037.482957995962,123.40041591832876
1791483655,60,,Aggregated,122.000000,0.000000,250,360,470,580,950,1300,1600,1700,1800,2000,2000,12599,1,230,321.7609717103868,1.834042021073401,7037.482957995962,115.31970791332645
1791483656,60,GET,GET /health,18.600000,0.000000,130,220,300,380,730,1100,1500,1600,1600,1600,1600,2029,0,160,234.21897088377915,1.834042021073401,6307.394333009142,73.0
1791483656,60,POST,POST /v1/predict,98.300000,0.000000,250,370,470,620,1100,1400,1700,1800,2000,2000,2000,10636,1,240,339.59883905603635,7.670249993680045,7037.482957995962,123.40156073711921
1791483656,60,,Aggregated,116.900000,0.000000,230,350,440,570,1000,1400,1600,1700,1800,2000,2000,12665,1,230,322.7164266974474,1.834042021073401,7037.482957995962,115.32696407422029
1791483657,60,GET,GET /health,18.300000,0.000000,120,220,290,370,730,1100,1500,1600,1600,1600,1600,2029,0,160,234.21897088377915,1.834042021073401,6307.394333009142,73.0
1791483657,60,POST,POST /v1/predict,95.400000,0.000000,240,350,430,530,1100,1400,1700,1800,2000,2000,2000,10637,1,240,339.6361442755461,7.670249993680045,7037.482957995962,123.40152298580426
1791483657,60,,Aggregated,113.700000,0.000000,220,330,410,500,1000,1400,1700,1800,1800,2000,2000,12666,1,230,322.7490887874745,1.834042021073401,7037.482957995962,115.32756987209854
1791483658,60,GET,GET /health,19.000000,0.000000,120,210,290,340,710,1100,1500,1600,2500,2500,2500,2033,0,160,236.58706589483802,1.834042021073401,6307.394333009142,73.0
1791483658,60,POST,POST /v1/predict,97.300000,0.000000,230,340,420,520,1100,1500,1800,2900,3500,3500,3500,10664,1,240,343.3181680960266,7.670249993680045,7037.482957995962,123.40294448612153
1791483658,60,,Aggregated,116.300000,0.000000,210,330,410,480,1000,1400,1800,2500,3500,3500,3500,12697,1,230,326.2287508498239,1.834042021073401,7037.482957995962,115.33259825155548
1791483659,60,GET,GET /health,18.500000,0.000000,110,190,260,310,710,1100,2500,3300,4000,4000,4000,2040,0,160,242.13198521432716,1.834042021073401,6307.394333009142,73.0
1791483659,60,POST,POST /v1/predict,94.800000,0.000000,230,340,410,470,920,1400,2900,3500,4200,4200,4200,10689,1,240,346.3180169522012,7.670249993680045,7037.482957995962,123.40471512770138
1791483659,60,,Aggregated,113.300000,0.000000,210,320,390,450,910,1400,2900,3400,4000,4200,4200,12729,1,230,329.6207504940913,1.834042021073401,7037.482957995962,115.32665566815932
1791483660,60,GET,GET /health,17.600000,0.000000,110,170,220,250,560,1100,2500,3300,4000,4000,4000,2053,0,160,241.95808457291804,1.834042021073401,6307.394333009142,73.0
1791483660,60,POST,POST /v1/predict,88.300000,0.000000,220,330,390,450,870,2100,3800,4300,5200,5200,5200,10751,1,240,354.0822915030321,7.670249993680045,7037.482957995962,123.40749697702539
1791483660,60,,Aggregated,105.900000,0.000000,200,310,380,430,820,1800,3700,4200,5200,5200,5200,12804,1,230,336.10423801759464,1.834042021073401,7037.482957995962,115.32513277100907
1791483661,60,GET,GET /health,16.900000,0.000000,110,180,230,300,1000,1200,3200,3300,4000,4000,4000,2068,0,160,242.13673454795537,1.834042021073401,6307.394333009142,73.0
1791483661,60,POST,POST /v1/predict,87.400000,0.000000,250,370,450,560,1400,3200,4200,4500,5200,5200,5200,10838,1,240,357.8150063615067,7.670249993680045,7037.482957995962,123.4090238051301
1791483661,60,,Aggregated,104.300000,0.000000,220,340,430,520,1300,3100,4100,4500,5200,5200,5200,12906,1,230,339.27923492880547,1.834042021073401,7037.482957995962,115.33170618317062
1791483662,60,GET,GET /health,16.300000,0.000000,110,200,290,380,1000,1200,3200,3300,4000,4000,4000,2095,0,160,241.24053536425566,1.834042021073401,6307.394333009142,73.0
1791483662,60,POST,POST /v1/predict,85.300000,0.000000,310,420,620,790,1700,3400,4200,4600,5200,5200,5200,10948,1,240,358.13859227575495,7.670249993680045,7037.482957995962,123.40957252466204
1791483662,60,,Aggregated,101.600000,0.000000,270,400,530,730,1500,3200,4200,4500,5200,5200,5200,13043,1,230,339.3621275644453,1.834042021073401,7037.482957995962,115.31265813079813
1791483663,60,GET,GET /health,15.500000,0.000000,120,240,370,460,1000,1200,3200,3300,4000,4000,4000,2105,0,160,241.6040971710799,1.834042021073401,6307.394333009142,73.0
1791483663,60,POST,POST /v1/predict,82.500000,0.000000,290,410,680,860,1700,3400,4300,4600,5200,5200,5200,11026,1,240,357.9898714807485,7.670249993680045,7037.482957995962,123.41048430981317
1791483663,60,,Aggregated,98.000000,0.000000,260,390,630,790,1600,3200,4200,4500,5200,5200,5200,13131,1,230,339.33233931093133,1.834042021073401,7037.482957995962,115.32929708323815
1791483664,60,GET,GET /health,14.300000,0.000000,130,250,450,560,1100,1400,3200,3300,4000,4000,4000,2121,0,160,241.9032391377338,1.834042021073401,6307.394333009142,73.0
1791483664,60,POST,POST /v1/predict,75.200000,0.000000,310,570,820,1100,1700,3400,4300,4600,5200,5200,5200,11139,1,240,360.41081479403914,7.670249993680045,7037.482957995962,123.41260436304874
1791483664,60,,Aggregated,89.500000,0.000000,280,470,770,970,1600,3200,4200,4500,5200,5200,5200,13260,1,230,341.45496502276916,1.834042021073401,7037.482957995962,115.34886877828055
1791483665,60,GET,GET /health,14.000000,0.000000,140,290,450,560,1100,1400,3200,3300,4000,4000,4000,2134,0,160,241.85952878168567,1.834042021073401,6307.394333009142,73.0
1791483665,60,POST,POST /v1/predict,68.800000,0.000000,280,510,760,950,1700,3400,4300,4600,5200,5200,5200,11223,1,240,359.59541400462945,7.670249993680045,7037.482957995962,123.4120110487392
1791483665,60,,Aggregated,82.800000,0.000000,260,460,730,900,1600,3300,4200,4500,5200,5200,5200,13357,1,230,340.7851737511462,1.834042021073401,7037.482957995962,115.35786478999775
1791483666,60,GET,GET /health,12.600000,0.000000,160,300,460,560,990,1200,3200,3300,4000,4000,4000,2160,0,160,243.41865567413927,1.834042021073401,6307.394333009142,73.0
1791483666,60,POST,POST /v1/predict,64.300000,0.000000,300,580,790,890,1500,3300,4200,4600,5200,5200,5200,11336,1,250,361.14910543852477,7.670249993680045,7037.482957995962,123.41487297106563
1791483666,60,,Aggregated,76.900000,0.000000,280,510,750,860,1400,3100,4200,4500,5200,5200,5200,13496,1,230,342.3066505266184,1.834042021073401,7037.482957995962,115.34610254890337
1791483667,60,GET,GET /health,12.200000,0.000000,160,280,450,550,920,1100,3200,3300,4000,4000,4000,2177,0,160,243.28851374425017,1.834042021073401,6307.394333009142,73.0
1791483667,60,POST,POST /v1/predict,65.200000,0.000000,300,520,750,860,1400,3100,4200,4500,5200,5200,5200,11409,1,250,360.9594138473067,7.670249993680045,7037.482957995962,123.41589972828469
1791483667,60,,Aggregated,77.400000,0.000000,270,470,710,820,1400,3000,4100,4400,5200,5200,5200,13586,1,230,342.10400758171187,1.834042021073401,7037.482957995962,115.33733254821139
1791483668,60,GET,GET /health,11.400000,0.000000,170,280,450,470,780,1100,1500,3300,4000,4000,4000,2197,0,160,244.19447654263914,1.834042021073401,6307.394333009142,73.0
1791483668,60,POST,POST /v1/predict,63.800000,0.000000,300,520,740,860,1300,2200,4200,4500,5200,5200,5200,11508,1,250,362.4869473227245,7.670249993680045,7037.482957995962,123.41779631560654
1791483668,60,,Aggregated,75.200000,0.000000,280,470,690,810,1200,1900,3900,4400,5000,5200,5200,13705,1,230,343.52390038336904,1.834042021073401,7037.482957995962,115.33549799343305
1791483669,60,GET,GET /health,13.300000,0.000000,170,280,410,460,690,920,1100,1200,1200,1200,1200,2207,0,160,244.6139517662634,1.834042021073401,6307.394333009142,73.0
1791483669,60,POST,POST /v1/predict,70.900000,0.000000,300,500,710,820,1200,1600,4100,4500,5200,5200,5200,11573,1,250,362.64743688610554,7.670249993680045,7037.482957995962,123.41838762637173
1791483669,60,,Aggregated,84.200000,0.000000,270,450,640,760,1100,1400,3700,4400,5000,5200,5200,13780,1,230,343.74323502402234,1.834042021073401,7037.482957995962,115.3433962264151
1791483670,60,GET,GET /health,14.700000,0.000000,160,310,450,500,730,970,1200,1200,1300,1300,1300,2226,0,160,245.8808523904569,1.834042021073401,6307.394333009142,73.0
1791483670,60,POST,POST /v1/predict,77.900000,0.000000,300,510,730,840,1100,1400,1600,2700,4600,4600,4600,11680,1,250,365.2901317994788,7.670249993680045,7037.482957995962,123.42063356164384
1791483670,60,,Aggregated,92.600000,0.000000,270,470,680,800,1100,1400,1500,2300,4500,4600,4600,13906,1,230,346.1757167294011,1.834042021073401,7037.482957995962,115.3495613404286
1791483671,60,GET,GET /health,16.400000,0.000000,150,260,370,460,700,900,1100,1200,1300,1300,1300,2258,0,160,243.79923500141675,1.834042021073401,6307.394333009142,73.0
1791483671,60,POST,POST /v1/predict,85.000000,0.000000,260,430,620,760,1000,1300,1400,1500,2700,2700,2700,11845,1,250,363.09907876459727,7.670249993680045,7037.482957995962,123.41924862811312
1791483671,60,,Aggregated,101.400000,0.000000,250,390,580,720,980,1200,1400,1500,1900,2700,2700,14103,1,230,343.99824580584544,1.834042021073401,7037.482957995962,115.34673473728994
1791483672,60,GET,GET /health,16.700000,0.000000,130,250,330,450,650,900,1100,1200,1300,1300,1300,2292,0,150,241.3005043840514,1.834042021073401,6307.394333009142,73.0
1791483672,60,POST,POST /v1/predict,88.300000,0.000000,230,370,550,680,960,1200,1400,1500,1600,1600,1600,12034,1,240,359.5885751965683,7.670249993680045,7037.482957995962,123.41424297822836
1791483672,60,,Aggregated,105.000000,0.000000,210,350,500,620,930,1100,1400,1400,1600,1600,1600,14326,1,230,340.66380496745296,1.834042021073401,7037.482957995962,115.34852715342734
1791483673,60,GET,GET /health,17.300000,0.000000,120,220,310,360,650,820,1100,1200,1300,1300,1300,2310,0,150,240.93867442437076,1.834042021073401,6307.394333009142,73.0
1791483673,60,POST,POST /v1/predict,92.900000,0.000000,220,370,530,640,940,1200,1400,1500,1600,1600,1600,12129,1,240,359.2152575434528,7.670249993680045,7037.482957995962,123.4135542913678
1791483673,60,,Aggregated,110.200000,0.000000,200,340,500,590,900,1100,1400,1400,1600,1600,1600,14439,1,230,340.2929701963307,1.834042021073401,7037.482957995962,115.34822356118845
1791483674,60,GET,GET /health,18.600000,0.000000,110,180,280,310,640,780,990,1200,1300,1300,1300,2331,0,150,239.29392901982732,1.834042021073401,6307.394333009142,73.0
1791483674,60,POST,POST /v1/predict,100.200000,0.000000,190,320,480,580,900,1100,1300,1400,1600,1600,1600,12287,1,240,357.64645199124897,7.670249993680045,7037.482957995962,123.41100349963376
1791483674,60,,Aggregated,118.800000,0.000000,180,300,430,550,860,1100,1300,1400,1600,1600,1600,14618,1,220,338.773847596229,1.834042021073401,7037.482957995962,115.37241756738268
1791483676,60,GET,GET /health,19.400000,0.000000,100,150,230,280,450,700,970,1200,1300,1300,1300,2343,0,150,238.8300802408359,1.834042021073401,6307.394333009142,73.0
1791483676,60,POST,POST /v1/predict,105.400000,0.000000,180,300,440,550,940,1100,1400,1500,1800,1800,1800,12344,1,240,358.3841902468791,7.670249993680045,7037.482957995962,123.41169799092677
1791483676,60,,Aggregated,124.800000,0.000000,160,270,390,500,850,1100,1400,1500,1700,1800,1800,14687,1,220,339.3118623552624,1.834042021073401,7037.482957995962,115.36957853884388
1791483677,60,GET,GET /health,20.500000,0.000000,92,140,200,280,470,780,1200,1400,1500,1500,1500,2358,0,150,239.3554469191205,1.834042021073401,6307.394333009142,73.0
1791483677,60,POST,POST /v1/predict,109.900000,0.000000,170,270,410,530,950,1100,1500,1600,1900,2200,2200,12421,1,240,358.2045445139291,7.670249993680045,7037.482957995962,123.41196361001529
1791483677,60,,Aggregated,130.400000,0.000000,160,250,370,470,870,1100,1500,1600,1900,2200,2200,14779,1,220,339.24208615216077,1.834042021073401,7037.482957995962,115.36869882942013
1791483678,60,GET,GET /health,20.800000,0.000000,78,110,150,190,360,700,1200,1400,1500,1500,1500,2370,0,150,238.45647865748435,1.834042021073401,6307.394333009142,73.0
1791483678,60,POST,POST /v1/predict,112.100000,0.000000,160,230,340,460,830,1200,1600,2200,3200,3200,3200,12492,1,240,358.7557970262143,7.670249993680045,7037.482957995962,123.41170349023375
1791483678,60,,Aggregated,132.900000,0.000000,140,220,310,410,740,1100,1600,1800,3000,3200,3200,14862,1,220,339.5720139193706,1.834042021073401,7037.482957995962,115.37269546494416
1791483679,60,GET,GET /health,20.800000,0.000000,76,110,140,170,340,730,1300,1500,2200,2200,2200,2375,0,150,239.01416626410852,1.834042021073401,6307.394333009142,73.0
1791483679,60,POST,POST /v1/predict,112.100000,0.000000,160,230,330,440,960,1400,2400,2900,3700,3700,3700,12535,1,240,361.5196429094179,7.670249993680045,7037.482957995962,123.4132429198245
1791483679,60,,Aggregated,132.900000,0.000000,140,210,290,380,860,1400,2300,2800,3600,3700,3700,14910,1,220,342.00585974156854,1.834042021073401,7037.482957995962,115.38296445338699
1791483680,60,GET,GET /health,19.300000,0.000000,74,110,140,180,340,1100,2200,2200,2300,2300,2300,2393,0,150,242.5927577840779,1.834042021073401,6307.394333009142,73.0
1791483680,60,POST,POST /v1/predict,107.100000,0.000000,150,220,300,380,680,1800,2800,3200,3900,3900,3900,12634,1,240,364.5705013848704,7.670249993680045,7037.482957995962,123.41483299034351
1791483680,60,,Aggregated,126.400000,0.000000,140,210,270,350,670,1700,2700,3000,3700,3900,3900,15027,1,220,345.1459495490601,1.834042021073401,7037.482957995962,115.38643774539163
1791483681,60,GET,GET /health,17.800000,0.000000,53,94,120,170,420,1200,2200,2200,2300,2300,2300,2438,0,150,240.35825487334878,1.834042021073401,6307.394333009142,73.0
1791483681,60,POST,POST /v1/predict,102.000000,0.000000,140,210,330,440,900,2300,2800,3200,3900,3900,3900,12798,1,240,364.13029846394915,7.670249993680045,7037.482957995962,123.41279887482419
1791483681,60,,Aggregated,119.800000,0.000000,120,190,280,390,850,1900,2700,3000,3700,3900,3900,15236,1,220,344.3248218116847,1.834042021073401,7037.482957995962,115.34595694407982
1791483682,60,GET,GET /health,18.500000,0.000000,60,98,120,180,590,1200,2200,2200,2300,2300,2300,2462,0,150,239.1125866008555,1.834042021073401,6307.394333009142,73.0
1791483682,60,POST,POST /v1/predict,105.600000,0.000000,140,220,370,530,990,2400,2800,3200,3900,3900,3900,12952,1,230,362.182571365487,7.670249993680045,7037.482957995962,123.4106701667696
1791483682,60,,Aggregated,124.100000,0.000000,130,200,310,460,940,1900,2700,3000,3700,3900,3900,15414,1,220,342.5252272308988,1.834042021073401,7037.482957995962,115.35882963539639
1791483683,60,GET,GET /health,21.200000,0.000000,50,84,110,130,440,1200,2200,2200,2300,2300,2300,2484,0,140,237.71201612164631,1.834042021073401,6307.394333009142,73.0
1791483683,60,POST,POST /v1/predict,111.700000,0.000000,120,200,290,470,950,1900,2800,3200,3900,3900,3900,13112,1,230,360.37008333303487,7.670249993680045,7037.482957995962,123.40672666259914
1791483683,60,,Aggregated,132.900000,0.000000,110,180,250,420,930,1800,2700,3000,3700,3900,3900,15596,1,220,340.83413572126835,1.834042021073401,7037.482957995962,115.37836624775584
1791483684,60,GET,GET /health,20.300000,0.000000,46,78,100,120,580,1100,2200,2200,2300,2300,2300,2517,0,140,235.85369049077119,1.834042021073401,6307.394333009142,73.0
1791483684,60,POST,POST /v1/predict,109.800000,0.000000,120,200,330,490,980,2300,2800,3200,3900,3900,3900,13241,1,230,359.59020702144124,7.670249993680045,7037.482957995962,123.405860584548
1791483684,60,,Aggregated,130.100000,0.000000,110,180,270,420,950,1900,2700,3000,3700,3900,3900,15758,1,220,339.8259722132349,1.834042021073401,7037.482957995962,115.35461352963574
1791483685,60,GET,GET /health,19.000000,0.000000,47,83,110,210,710,1100,2200,2200,2300,2300,2300,2537,0,140,236.74253524761477,1.834042021073401,6307.394333009142,73.0
1791483685,60,POST,POST /v1/predict,107.800000,0.000000,120,210,360,570,1000,1900,2800,3200,3900,3900,3900,13343,1,230,360.2706324977262,7.670249993680045,7037.482957995962,123.40673012066252
1791483685,60,,Aggregated,126.800000,0.000000,110,190,320,510,950,1800,2700,3000,3700,3900,3900,15880,1,220,340.5356965579558,1.834042021073401,7037.482957995962,115.3537153652393
1791483686,60,GET,GET /health,20.700000,0.000000,45,83,110,180,580,950,2000,2200,2300,2300,2300,2569,0,140,234.76459133247218,1.834042021073401,6307.394333009142,73.0
1791483686,60,POST,POST /v1/predict,110.900000,0.000000,130,210,320,470,930,1400,2700,3000,3700,3900,3900,13513,1,230,358.08646959418746,7.670249993680045,7037.482957995962,123.40538740472138
1791483686,60,,Aggregated,131.600000,0.000000,110,190,270,420,890,1200,2600,2900,3700,3900,3900,16082,1,220,338.3865625394446,1.834042021073401,7037.482957995962,115.35343862703644
1791483687,60,GET,GET /health,20.500000,0.000000,47,84,120,200,520,850,2000,2200,2300,2300,2300,2609,0,140,232.9469081732899,1.834042021073401,6307.394333009142,73.0
1791483687,60,POST,POST /v1/predict,104.600000,0.000000,120,200,320,470,850,1100,2700,3000,3700,3900,3900,13678,1,230,356.0215785906721,7.670249993680045,7037.482957995962,123.40312911244334
1791483687,60,,Aggregated,125.100000,0.000000,110,190,270,400,830,1100,2600,2900,3700,3900,3900,16287,1,220,336.306356934199,1.834042021073401,7037.482957995962,115.3290968256892
1791483688,60,GET,GET /health,22.200000,0.000000,50,92,130,220,440,830,1100,2200,2300,2300,2300,2633,0,140,232.46992350591725,1.834042021073401,6307.394333009142,73.0
1791483688,60,POST,POST /v1/predict,115.900000,0.000000,130,210,320,430,750,1000,1900,2600,3300,3900,3900,13810,1,230,355.24673156555957,7.670249993680045,7037.482957995962,123.40412744388125
1791483688,60,,Aggregated,138.100000,0.000000,110,200,280,380,680,1000,1900,2600,3300,3900,3900,16443,1,220,335.58661263221006,1.834042021073401,7037.482957995962,115.3329684364167
1791483689,60,GET,GET /health,24.700000,0.000000,49,85,130,200,360,570,850,950,1200,1200,1200,2655,0,130,231.50497619477022,1.834042021073401,6307.394333009142,73.0
1791483689,60,POST,POST /v1/predict,125.000000,0.000000,130,220,290,370,640,910,1100,1300,2600,2600,2600,13978,1,230,353.4738324849498,7.670249993680045,7037.482957995962,123.40270424953498
1791483689,60,,Aggregated,149.700000,0.000000,120,200,270,340,590,850,1100,1200,2600,2600,2600,16633,1,210,334.0048663663634,1.834042021073401,7037.482957995962,115.35730174953406
1791483690,60,GET,GET /health,26.300000,0.000000,67,110,130,200,350,490,760,850,950,950,950,2679,0,130,230.54655837294024,1.834042021073401,6307.394333009142,73.0
1791483690,60,POST,POST /v1/predict,130.900000,0.000000,150,230,300,350,560,840,1000,1100,1300,1300,1300,14110,1,230,352.3107887351228,7.670249993680045,7037.482957995962,123.40326009922042
1791483690,60,,Aggregated,157.200000,0.000000,130,210,280,340,530,820,1000,1100,1300,1300,1300,16789,1,210,332.881020843032,1.834042021073401,7037.482957995962,115.36047411995949
1791483691,60,GET,GET /health,27.800000,0.000000,73,120,190,220,380,640,810,850,950,950,950,2697,0,130,231.23178162813946,1.834042021073401,6307.394333009142,73.0
1791483691,60,POST,POST /v1/predict,143.300000,0.000000,170,260,340,390,610,840,1000,1100,1300,1300,1300,14184,1,230,352.8918697542757,7.670249993680045,7037.482957995962,123.40432882120699
1791483691,60,,Aggregated,171.100000,0.000000,150,240,320,370,580,820,1000,1100,1300,1300,1300,16881,1,220,333.45479507409,1.834042021073401,7037.482957995962,115.35146022155085
1791483692,60,GET,GET /health,28.600000,0.000000,77,130,210,260,410,640,810,850,950,950,950,2710,0,130,231.1611373343817,1.834042021073401,6307.394333009142,73.0
1791483692,60,POST,POST /v1/predict,147.500000,0.000000,210,290,360,420,600,870,1000,1100,1300,1300,1300,14280,1,230,353.4529846261627,7.670249993680045,7037.482957995962,123.40665266106443
1791483692,60,,Aggregated,176.100000,0.000000,180,270,350,390,570,820,1000,1100,1300,1300,1300,16990,1,220,333.9467511852706,1.834042021073401,7037.482957995962,115.36650971159506
1791483693,60,GET,GET /health,25.800000,0.000000,100,180,250,300,440,650,810,850,950,950,950,2723,0,140,231.55713773457074,1.834042021073401,6307.394333009142,73.0
1791483693,60,POST,POST /v1/predict,138.000000,0.000000,220,320,390,470,620,850,1000,1100,1300,1300,1300,14380,1,230,354.5068654756966,7.670249993680045,7037.482957995962,123.40931849791377
1791483693,60,,Aggregated,163.800000,0.000000,210,300,380,430,610,820,1000,1100,1300,1300,1300,17103,1,220,334.9318138099587,1.834042021073401,7037.482957995962,115.38355844003976
1791483694,60,GET,GET /health,24.900000,0.000000,98,170,220,280,380,490,650,720,810,810,810,2747,0,140,230.87169356469934,1.834042021073401,6307.394333009142,73.0
1791483694,60,POST,POST /v1/predict,133.000000,0.000000,230,320,380,440,590,730,920,1000,1200,1300,1300,14490,1,230,354.3509708822987,7.670249993680045,7037.482957995962,123.41159420289856
1791483694,60,,Aggregated,157.900000,0.000000,210,300,360,410,560,700,900,1000,1200,1300,1300,17237,1,220,334.6725132161462,1.834042021073401,7037.482957995962,115.37767592968613
1791483695,60,GET,GET /health,23.900000,0.000000,90,150,220,280,380,490,650,720,810,810,810,2788,0,130,228.79004733689337,1.834042021073401,6307.394333009142,73.0
1791483695,60,POST,POST /v1/predict,125.800000,0.000000,230,330,400,470,630,790,950,1000,1200,1200,1200,14635,1,230,353.387040413972,7.670249993680045,7037.482957995962,123.41004441407584
1791483695,60,,Aggregated,149.700000,0.000000,210,300,370,430,590,760,930,1000,1200,1200,1200,17423,1,220,333.4492331075998,1.834042021073401,7037.482957995962,115.34351145038168
1791483696,60,GET,GET /health,22.500000,0.000000,94,160,220,260,380,500,650,720,810,810,810,2809,0,130,227.69900472384958,1.834042021073401,6307.394333009142,73.0
1791483696,60,POST,POST /v1/predict,124.400000,0.000000,250,340,410,480,680,870,980,1000,1200,1200,1200,14753,1,230,352.9576311683344,7.670249993680045,7037.482957995962,123.4095438215956
1791483696,60,,Aggregated,146.900000,0.000000,230,320,380,440,640,830,960,1000,1200,1200,1200,17562,1,220,332.92281271470824,1.834042021073401,7037.482957995962,115.34665755608701
1791483697,60,GET,GET /health,22.500000,0.000000,90,150,210,290,410,520,720,810,920,920,920,2823,0,130,227.62279672095752,1.834042021073401,6307.394333009142,73.0
1791483697,60,POST,POST /v1/predict,124.400000,0.000000,250,350,430,490,740,910,1000,1200,1400,1400,1400,14789,5,230,353.48240330945333,7.670249993680045,7037.482957995962,123.38014740685645
1791483697,60,,Aggregated,146.900000,0.000000,230,330,390,460,690,890,1000,1100,1400,1400,1400,17612,5,220,333.3085633481004,1.834042021073401,7037.482957995962,115.30479218714513
1791483698,60,GET,GET /health,24.300000,0.000000,100,160,220,260,440,580,760,920,2600,2600,2600,2829,0,130,228.44823597040983,1.834042021073401,6307.394333009142,73.0
1791483698,60,POST,POST /v1/predict,123.200000,0.000000,270,390,500,600,850,980,1200,1200,3000,3000,3000,14829,5,230,354.6212330791995,7.670249993680045,7037.482957995962,123.3810776181806
1791483698,60,,Aggregated,147.500000,0.000000,240,360,460,540,800,950,1100,1200,2600,3000,3000,17658,5,220,334.40697275408974,1.834042021073401,7037.482957995962,115.30949144863519
1791483699,60,GET,GET /health,21.800000,0.000000,89,160,240,310,500,680,920,2600,2600,2600,2600,2848,0,130,228.8909496054136,1.834042021073401,6307.394333009142,73.0
1791483699,60,POST,POST /v1/predict,111.800000,0.400000,280,430,580,670,910,1100,2900,2900,3100,3100,3100,14920,6,230,356.725401150298,7.670249993680045,7037.482957995962,123.37392761394102
1791483699,60,,Aggregated,133.600000,0.400000,240,380,510,610,870,1000,2600,2900,3100,3100,3100,17768,6,220,336.23505232095033,1.834042021073401,7037.482957995962,115.29958352093651
1791483700,60,GET,GET /health,21.800000,0.000000,81,130,210,250,490,630,920,2600,2600,2600,2600,2852,0,130,228.61897755128066,1.834042021073401,6307.394333009142,73.0
1791483700,60,POST,POST /v1/predict,111.800000,0.400000,260,410,550,670,950,1200,2900,3000,3300,3300,3300,14954,6,230,357.6663248487001,7.670249993680045,7037.482957995962,123.37461548749498
1791483700,60,,Aggregated,133.600000,0.400000,230,360,490,600,910,1200,2900,3000,3300,3300,3300,17806,6,220,336.9967171607153,1.834042021073401,7037.482957995962,115.30607660339211
1791483701,60,GET,GET /health,19.400000,0.000000,82,140,230,300,560,760,2200,2600,2600,2600,2600,2872,0,130,231.15319496315848,1.834042021073401,6307.394333009142,73.0
1791483701,60,POST,POST /v1/predict,94.500000,0.500000,260,430,600,730,1000,2600,3000,3100,4000,4000,4000,15018,6,230,360.869207179209,7.670249993680045,7037.482957995962,123.37588227460381
1791483701,60,,Aggregated,113.900000,0.500000,230,370,540,670,980,2000,3000,3100,4000,4000,4000,17890,6,220,340.04503797381426,1.834042021073401,7037.482957995962,115.28870877585243
1791483702,60,GET,GET /health,17.400000,0.000000,77,140,220,310,670,1400,2300,2600,2600,2600,2600,2886,0,130,233.44697082818078,1.834042021073401,6307.394333009142,73.0
1791483702,60,POST,POST /v1/predict,85.000000,0.500000,250,410,590,760,1200,2900,3000,3100,4000,4000,4000,15085,7,230,362.8014588777216,7.670249993680045,7037.482957995962,123.37069937023533
1791483702,60,,Aggregated,102.400000,0.500000,220,360,520,670,1100,2800,3000,3100,4000,4000,4000,17971,7,220,342.028154525655,1.834042021073401,7037.482957995962,115.28156474319738
1791483703,60,GET,GET /health,17.000000,0.000000,75,150,290,420,760,1400,2300,2600,2600,2600,2600,2892,0,130,234.39242734894125,1.834042021073401,6307.394333009142,73.0
1791483703,60,POST,POST /v1/predict,82.500000,0.500000,240,450,710,860,1600,2900,3000,3100,4000,4000,4000,15106,7,230,363.9293492930922,7.670249993680045,7037.482957995962,123.37150801006223
1791483703,60,,Aggregated,99.500000,0.500000,210,380,630,780,1400,2800,3000,3100,4000,4000,4000,17998,7,220,343.11477110315445,1.834042021073401,7037.482957995962,115.27758639848872
1791483704,60,GET,GET /health,17.200000,0.000000,85,310,560,690,1400,2000,2300,2600,2600,2600,2600,2913,0,130,237.22216811639876,1.834042021073401,6307.394333009142,73.0
1791483704,60,POST,POST /v1/predict,78.200000,0.600000,290,540,840,980,2400,2900,3000,3200,4000,4000,4000,15196,7,230,365.9070756890929,7.670249993680045,7037.482957995962,123.37378257436167
1791483704,60,,Aggregated,95.400000,0.600000,260,500,780,950,2200,2900,3000,3100,4000,4000,4000,18109,7,220,345.20691909517416,1.834042021073401,7037.482957995962,115.27069412999062
1791483705,60,GET,GET /health,17.100000,0.000000,150,380,670,790,1400,2200,2300,2600,2600,2600,2600,2926,0,130,237.34229295323948,1.834042021073401,6307.394333009142,73.0
1791483705,60,POST,POST /v1/predict,73.500000,0.600000,370,590,950,1200,2500,2900,3000,3200,4000,4000,4000,15278,7,230,367.1276931182498,7.670249993680045,7037.482957995962,123.37616180128289
1791483705,60,,Aggregated,90.600000,0.600000,340,570,900,1100,2300,2900,3000,3100,4000,4000,4000,18204,7,220,346.2667789849366,1.834042021073401,7037.482957995962,115.27900461437046
1791483706,60,GET,GET /health,16.600000,0.000000,130,400,670,750,1400,2000,2300,2600,2600,2600,2600,2955,0,130,237.34026896927267,1.834042021073401,6307.394333009142,73.0
1791483706,60,POST,POST /v1/predict,70.100000,0.600000,320,510,860,1100,2400,2900,3000,3100,4000,4000,4000,15395,7,230,367.02734615975686,7.670249993680045,7037.482957995962,123.37668074050016
1791483706,60,,Aggregated,86.700000,0.600000,290,500,780,1000,2200,2900,3000,3100,4000,4000,4000,18350,7,220,346.14313291191525,1.834042021073401,7037.482957995962,115.26425068119892
1791483707,60,GET,GET /health,14.100000,0.000000,130,310,590,690,1300,2000,2300,2600,2600,2600,2600,2977,0,130,236.98149516195713,1.834042021073401,6307.394333009142,73.0
1791483707,60,POST,POST /v1/predict,64.600000,0.600000,290,460,640,920,2200,2900,3000,3100,4000,4000,4000,15538,7,230,366.6299895473991,7.670249993680045,7037.482957995962,123.37752606513065
1791483707,60,,Aggregated,78.700000,0.600000,270,450,630,870,1700,2800,3000,3100,4000,4000,4000,18515,7,220,345.7839961482376,1.834042021073401,7037.482957995962,115.27739670537402
1791483708,60,GET,GET /health,14.300000,0.000000,130,250,510,630,1000,1700,2200,2300,2300,2300,2300,3006,0,130,236.14884391355588,1.834042021073401,6307.394333009142,73.0
1791483708,60,POST,POST /v1/predict,64.400000,0.600000,280,450,570,730,1200,2500,3000,3100,4000,4000,4000,15646,7,230,365.6632734887243,7.670249993680045,7037.482957995962,123.37651795986194
1791483708,60,,Aggregated,78.700000,0.600000,260,420,570,690,1200,2400,2900,3100,4000,4000,4000,18652,7,220,344.7904247163154,1.834042021073401,7037.482957995962,115.2577203517049
1791483709,60,GET,GET /health,14.700000,0.000000,150,300,490,560,950,1700,2200,2300,2300,2300,2300,3031,0,130,236.20614785088733,1.834042021073401,6307.394333009142,73.0
1791483709,60,POST,POST /v1/predict,71.600000,0.200000,290,460,570,670,1100,2300,2900,3000,4000,4000,4000,15762,7,230,365.8756818271581,7.670249993680045,7037.482957995962,123.3788224844563
1791483709,60,,Aggregated,86.300000,0.200000,270,440,560,650,1100,2200,2800,3000,4000,4000,4000,18793,7,220,344.96213117095147,1.834042021073401,7037.482957995962,115.25355185441387
1791483710,60,GET,GET /health,17.700000,0.000000,120,210,340,430,750,1200,1800,2200,2300,2300,2300,3070,0,130,234.65994909354137,1.834042021073401,6307.394333009142,73.0
1791483710,60,POST,POST /v1/predict,81.600000,0.200000,260,410,520,590,970,1500,2600,2900,3100,3100,3100,15909,7,230,364.50884987010886,7.670249993680045,7037.482957995962,123.37802501728581
1791483710,60,,Aggregated,99.300000,0.200000,240,380,500,570,930,1400,2500,2800,3000,3100,3100,18979,7,220,343.5047861478854,1.834042021073401,7037.482957995962,115.22898993624533
1791483711,60,GET,GET /health,17.700000,0.000000,110,200,310,400,650,1000,1400,1700,2000,2000,2000,3095,0,130,233.76650179327075,1.834042021073401,6307.394333009142,73.0
1791483711,60,POST,POST /v1/predict,82.500000,0.100000,240,350,460,540,830,1200,2200,2500,3000,3000,3000,16066,7,230,363.1963784728428,7.670249993680045,7037.482957995962,123.37825220963525
1791483711,60,,Aggregated,100.200000,0.100000,220,330,450,520,780,1200,2200,2400,3000,3000,3000,19161,7,220,342.29008609127123,1.834042021073401,7037.482957995962,115.24085381765043
1791483712,60,GET,GET /health,21.300000,0.000000,99,170,230,280,490,820,1200,1700,2000,2000,2000,3125,0,130,232.56313776200636,1.834042021073401,6307.394333009142,73.0
1791483712,60,POST,POST /v1/predict,93.500000,0.100000,220,320,420,480,670,1000,1300,2200,2500,2500,2500,16212,7,230,361.8686739273861,7.670249993680045,7037.482957995962,123.37817665926474
1791483712,60,,Aggregated,114.800000,0.100000,200,290,400,460,640,980,1300,2200,2500,2500,2500,19337,7,220,340.9719577606162,1.834042021073401,7037.482957995962,115.23669648859699
1791483713,60,GET,GET /health,22.500000,0.000000,110,160,220,250,440,630,870,1200,1800,1800,1800,3138,0,130,232.1709262553484,1.834042021073401,6307.394333009142,73.0
1791483713,60,POST,POST /v1/predict,103.600000,0.100000,220,300,390,450,600,830,1100,1400,2400,2500,2500,16305,7,230,361.2456801851526,7.670249993680045,7037.482957995962,123.37920883164674
1791483713,60,,Aggregated,126.100000,0.100000,200,280,360,420,570,810,1100,1400,2400,2500,2500,19443,7,220,340.4136800909416,1.834042021073401,7037.482957995962,115.24826415676593
1791483714,60,GET,GET /health,23.900000,0.000000,110,170,240,300,490,660,840,880,950,950,950,3161,0,130,233.42754707283308,1.834042021073401,6307.394333009142,73.0
1791483714,60,POST,POST /v1/predict,113.800000,0.000000,230,310,410,470,650,870,1000,1200,1400,1400,1400,16392,7,230,362.8386170239751,7.670249993680045,7037.482957995962,123.38122254758419
1791483714,60,,Aggregated,137.700000,0.000000,200,290,390,450,620,850,1000,1100,1400,1400,1400,19553,7,220,341.91761297776327,1.834042021073401,7037.482957995962,115.236434306756
1791483715,60,GET,GET /health,24.600000,0.000000,120,170,220,270,430,560,730,870,890,890,890,3195,0,130,232.5700626761218,1.834042021073401,6307.394333009142,73.0
1791483715,60,POST,POST /v1/predict,119.800000,0.000000,230,300,400,450,610,820,950,1100,1400,1400,1400,16544,7,230,361.93000349837166,7.670249993680045,7037.482957995962,123.38213249516441
1791483715,60,,Aggregated,144.400000,0.000000,200,290,370,430,580,800,930,1000,1400,1400,1400,19739,7,220,340.99150555384006,1.834042021073401,7037.482957995962,115.2271644966817
1791483716,60,GET,GET /health,24.800000,0.000000,99,160,200,240,400,510,710,870,890,890,890,3236,0,130,230.53393509304684,1.834042021073401,6307.394333009142,73.0
1791483716,60,POST,POST /v1/predict,118.500000,0.000000,200,280,360,420,550,710,890,1000,1400,1400,1400,16716,7,230,359.77777651196,7.670249993680045,7037.482957995962,123.37999521416607
1791483716,60,,Aggregated,143.300000,0.000000,180,260,330,400,530,700,880,990,1400,1400,1400,19952,7,220,338.8158142609763,1.834042021073401,7037.482957995962,115.20890136327185
1791483717,60,GET,GET /health,25.800000,0.000000,93,150,190,230,370,510,730,870,890,890,890,3250,0,130,229.94103512955974,1.834042021073401,6307.394333009142,73.0
1791483717,60,POST,POST /v1/predict,124.300000,0.000000,210,290,370,420,560,770,910,1000,1400,1400,1400,16800,7,230,359.437855345166,7.670249993680045,7037.482957995962,123.38035714285714
1791483717,60,,Aggregated,150.100000,0.000000,190,280,350,400,530,700,890,1000,1400,1400,1400,20050,7,220,338.4470989511139,1.834042021073401,7037.482957995962,115.21396508728179
1791483718,60,GET,GET /health,27.900000,0.000000,81,140,180,210,360,550,730,870,890,890,890,3287,0,130,229.42355786861788,1.834042021073401,6307.394333009142,73.0
1791483718,60,POST,POST /v1/predict,130.600000,0.000000,190,270,350,400,540,810,950,1000,1400,1400,1400,16972,7,230,358.5681254251615,7.670249993680045,7037.482957995962,123.37874145651662
1791483718,60,,Aggregated,158.500000,0.000000,170,250,320,380,520,790,930,1000,1400,1400,1400,20259,7,210,337.6145643629974,1.834042021073401,7037.482957995962,115.20484722839232
1791483719,60,GET,GET /health,28.000000,0.000000,80,140,180,210,350,600,730,870,890,890,890,3309,0,120,228.56478979213517,1.834042021073401,6307.394333009142,73.0
1791483719,60,POST,POST /v1/predict,128.400000,0.000000,190,270,350,400,530,820,960,1000,1400,1400,1400,17131,7,230,357.20906852124824,7.670249993680045,7037.482957995962,123.37779464129356
1791483719,60,,Aggregated,156.400000,0.000000,170,250,320,370,520,790,930,1000,1400,1400,1400,20440,7,210,336.3830451203352,1.834042021073401,7037.482957995962,115.22221135029355
1791483720,60,GET,GET /health,27.800000,0.000000,82,140,180,220,360,600,730,870,890,890,890,3348,0,120,227.48063330382377,1.834042021073401,6307.394333009142,73.0
1791483720,60,POST,POST /v1/predict,131.700000,0.000000,190,270,350,400,560,850,960,1000,1400,1400,1400,17275,7,230,356.00657691775973,7.670249993680045,7037.482957995962,123.37684515195369
1791483720,60,,Aggregated,159.500000,0.000000,170,250,320,380,530,800,930,1000,1400,1400,1400,20623,7,210,335.14128771543795,1.834042021073401,7037.482957995962,115.19851621975464
1791483721,60,GET,GET /health,28.100000,0.000000,84,140,190,220,350,570,730,870,890,890,890,3392,0,120,225.94028483882659,1.834042021073401,6307.394333009142,73.0
1791483721,60,POST,POST /v1/predict,135.200000,0.000000,190,270,350,400,550,830,950,1000,1400,1400,1400,17461,7,230,354.32676186731135,7.670249993680045,7037.482957995962,123.37620983906993
1791483721,60,,Aggregated,163.300000,0.000000,160,250,320,370,510,790,930,1000,1400,1400,1400,20853,7,210,333.44310339703634,1.834042021073401,7037.482957995962,115.18189229367476
1791483722,60,GET,GET /health,27.900000,0.000000,83,140,190,220,350,550,730,870,890,890,890,3422,0,120,225.11862917980096,1.834042021073401,6307.394333009142,73.0
1791483722,60,POST,POST /v1/predict,137.400000,0.000000,180,270,350,400,540,820,950,1000,1400,1400,1400,17606,7,230,353.33647254544087,7.670249993680045,7037.482957995962,123.37606497784846
1791483722,60,,Aggregated,165.300000,0.000000,160,240,320,370,510,770,930,1000,1400,1400,1400,21028,7,210,332.47089046453704,1.834042021073401,7037.482957995962,115.17809587217045
1791483723,60,GET,GET /health,28.800000,0.000000,81,130,180,200,300,360,550,630,730,730,730,3459,0,120,224.05673148919493,1.834042021073401,6307.394333009142,73.0
1791483723,60,POST,POST /v1/predict,137.700000,0.000000,170,250,320,360,470,600,860,930,1300,1400,1400,17763,7,230,351.9637464845009,7.670249993680045,7037.482957995962,123.37549963407082
1791483723,60,,Aggregated,166.500000,0.000000,150,230,290,330,450,560,790,920,1300,1400,1400,21222,7,210,331.1160240799777,1.834042021073401,7037.482957995962,115.16473470926397
1791483724,60,GET,GET /health,28.900000,0.000000,71,100,150,170,250,350,550,630,730,730,730,3505,0,120,221.9805087643601,1.834042021073401,6307.394333009142,73.0
1791483724,60,POST,POST /v1/predict,136.800000,0.000000,150,220,270,310,420,560,790,920,1100,1100,1100,17967,7,230,349.52453247177397,7.670249993680045,7037.482957995962,123.37301719819669
1791483724,60,,Aggregated,165.700000,0.000000,130,200,250,280,410,520,730,900,1100,1100,1100,21472,7,210,328.7047763664034,1.834042021073401,7037.482957995962,115.15033532041728
1791483725,60,GET,GET /health,31.200000,0.000000,77,110,150,190,280,360,550,630,730,730,730,3532,0,120,221.31353784770147,1.834042021073401,6307.394333009142,73.0
1791483725,60,POST,POST /v1/predict,142.300000,0.000000,170,230,290,330,440,580,800,920,1100,1100,1100,18102,7,230,348.71537505752207,7.670249993680045,7037.482957995962,123.37404706662247
1791483725,60,,Aggregated,173.500000,0.000000,140,220,270,320,420,550,730,900,1100,1100,1100,21634,7,210,327.9155558366146,1.834042021073401,7037.482957995962,115.14990293057225
1791483726,60,GET,GET /health,33.800000,0.000000,79,120,150,190,290,360,570,680,730,730,730,3550,0,120,220.80200516762258,1.834042021073401,6307.394333009142,73.0
1791483726,60,POST,POST /v1/predict,154.700000,0.000000,170,240,300,340,450,580,800,920,1100,1100,1100,18218,7,230,348.22453878911324,7.670249993680045,7037.482957995962,123.3749039411571
1791483726,60,,Aggregated,188.500000,0.000000,150,220,280,320,430,550,730,900,1100,1100,1100,21768,7,210,327.44403555701496,1.834042021073401,7037.482957995962,115.159592061742
1791483727,60,GET,GET /health,34.300000,0.000000,79,110,150,180,270,330,460,680,800,800,800,3575,0,120,220.24888020169993,1.834042021073401,6307.394333009142,73.0
1791483727,60,POST,POST /v1/predict,156.100000,0.000000,170,240,290,330,450,580,780,960,1200,1300,1300,18356,7,220,348.0064472870429,7.670249993680045,7037.482957995962,123.37442797995206
1791483727,60,,Aggregated,190.400000,0.000000,150,220,270,310,420,540,740,920,1200,1300,1300,21931,7,210,327.1805249702254,1.834042021073401,7037.482957995962,115.16282887237244
1791483728,60,GET,GET /health,31.600000,0.000000,85,120,160,190,290,360,470,680,800,800,800,3601,0,120,219.89376064819527,1.834042021073401,6307.394333009142,73.0
1791483728,60,POST,POST /v1/predict,150.300000,0.000000,180,250,310,350,460,610,780,960,1200,1300,1300,18492,7,220,347.53417948409657,7.670249993680045,7037.482957995962,123.37529742591391
1791483728,60,,Aggregated,181.900000,0.000000,150,230,290,330,450,580,740,920,1200,1300,1300,22093,7,210,326.7297098227512,1.834042021073401,7037.482957995962,115.16448648893315
1791483729,60,GET,GET /health,31.800000,0.000000,79,120,150,180,270,330,450,470,800,800,800,3629,0,120,218.78172638498384,1.834042021073401,6307.394333009142,73.0
1791483729,60,POST,POST /v1/predict,152.900000,0.000000,170,250,310,350,450,550,720,920,1200,1300,1300,18647,7,220,346.17210972117584,7.670249993680045,7037.482957995962,123.37437657532043
1791483729,60,,Aggregated,184.700000,0.000000,150,230,280,330,420,520,690,850,1200,1300,1300,22276,7,210,325.41884606849754,1.834042021073401,7037.482957995962,115.16784880588975
1791483730,60,GET,GET /health,31.300000,0.000000,77,110,150,180,280,360,460,550,800,800,800,3661,0,120,218.01507209072432,1.834042021073401,6307.394333009142,73.0
1791483730,60,POST,POST /v1/predict,149.900000,0.000000,170,250,320,360,480,610,830,990,1200,1300,1300,18799,7,220,345.63653080066564,7.670249993680045,7037.482957995962,123.37438161604341
1791483730,60,,Aggregated,181.200000,0.000000,150,230,290,330,450,590,790,960,1200,1300,1300,22460,7,210,324.834119387615,1.834042021073401,7037.482957995962,115.1633125556545
1791483731,60,GET,GET /health,31.800000,0.000000,74,110,150,180,280,370,460,550,800,800,800,3696,0,120,216.81413917264894,1.834042021073401,6307.394333009142,73.0
1791483731,60,POST,POST /v1/predict,153.600000,0.000000,160,250,310,360,500,630,830,980,1200,1300,1300,18974,7,220,344.0819564135402,7.670249993680045,7037.482957995962,123.37272056498367
1791483731,60,,Aggregated,185.400000,0.000000,140,220,280,330,460,610,790,960,1200,1300,1300,22670,7,210,323.33286719773275,1.834042021073401,7037.482957995962,115.16021173356859
1791483732,60,GET,GET /health,30.400000,0.000000,70,100,140,150,280,390,550,800,980,980,980,3716,0,120,216.6485769206265,1.834042021073401,6307.394333009142,73.0
1791483732,60,POST,POST /v1/predict,147.700000,0.000000,150,250,310,360,510,680,970,1100,1200,1300,1300,19104,7,220,343.3730184577244,7.670249993680045,7037.482957995962,123.3716499162479
1791483732,60,,Aggregated,178.100000,0.000000,130,220,290,330,480,650,920,1100,1200,1300,1300,22820,7,210,322.7372592661436,1.834042021073401,7037.482957995962,115.16914986853637
1791483733,60,GET,GET /health,30.600000,0.000000,71,110,150,190,330,450,610,800,980,980,980,3746,0,120,216.2012748054273,1.834042021073401,6307.394333009142,73.0
1791483733,60,POST,POST /v1/predict,150.100000,0.000000,160,260,340,390,590,760,990,1100,1200,1300,1300,19261,7,220,342.7443897313826,7.670249993680045,7037.482957995962,123.37064534551685
1791483733,60,,Aggregated,180.700000,0.000000,140,240,310,370,550,740,980,1100,1200,1300,1300,23007,7,210,322.1406383290857,1.834042021073401,7037.482957995962,115.16929630112574
1791483734,60,GET,GET /health,29.600000,0.000000,77,130,190,240,390,480,800,840,980,980,980,3766,0,120,216.49706307651172,1.834042021073401,6307.394333009142,73.0
1791483734,60,POST,POST /v1/predict,148.200000,0.000000,170,280,360,410,610,820,1000,1100,1200,1300,1300,19362,7,220,342.85506915775653,7.670249993680045,7037.482957995962,123.37134593533726
1791483734,60,,Aggregated,177.800000,0.000000,150,260,340,390,590,790,980,1100,1200,1300,1300,23128,7,210,322.2798248261246,1.834042021073401,7037.482957995962,115.1692320996195
1791483735,60,GET,GET /health,28.200000,0.000000,69,110,150,190,360,460,710,840,980,980,980,3819,0,120,214.4451885428588,1.834042021073401,6307.394333009142,73.0
1791483735,60,POST,POST /v1/predict,147.400000,0.000000,150,240,320,390,610,800,990,1100,1200,1300,1300,19557,7,220,340.84686121943673,7.670249993680045,7037.482957995962,123.36876821598405
1791483735,60,,Aggregated,175.600000,0.000000,130,220,290,360,570,760,980,1100,1200,1300,1300,23376,7,200,320.19627994155053,1.834042021073401,7037.482957995962,115.13988706365502
1791483736,60,GET,GET /health,26.200000,0.000000,69,110,140,180,320,440,570,840,980,980,980,3856,0,110,213.29885135820402,1.834042021073401,6307.394333009142,73.0
1791483736,60,POST,POST /v1/predict,140.100000,0.000000,150,230,310,360,560,740,960,1100,1200,1200,1200,19715,7,220,339.7902199529593,7.670249993680045,7037.482957995962,123.36819680446361
1791483736,60,,Aggregated,166.300000,0.000000,130,210,280,340,510,690,920,1000,1200,1200,1200,23571,7,200,319.09738904627767,1.834042021073401,7037.482957995962,115.12842051673667
1791483737,60,GET,GET /health,27.600000,0.000000,69,100,140,170,280,420,570,840,980,980,980,3874,0,110,212.75215769727163,1.834042021073401,6307.394333009142,73.0
1791483737,60,POST,POST /v1/predict,143.200000,0.000000,150,220,290,330,480,690,950,1000,1200,1200,1200,19841,7,220,338.6625559929749,7.670249993680045,7037.482957995962,123.36762259966736
1791483737,60,,Aggregated,170.800000,0.000000,130,200,260,310,450,650,910,990,1200,1200,1200,23715,7,200,318.09427081492015,1.834042021073401,7037.482957995962,115.13974277883196
1791483738,60,GET,GET /health,29.500000,0.000000,69,100,140,180,310,430,680,840,980,980,980,3894,0,110,212.48542418983325,1.834042021073401,6307.394333009142,73.0
1791483738,60,POST,POST /v1/predict,146.400000,0.000000,150,230,300,350,570,770,950,1000,1200,1200,1200,20006,7,220,338.44671334657545,7.670249993680045,7037.482957995962,123.36778966310106
1791483738,60,,Aggregated,175.900000,0.000000,130,210,280,330,520,750,920,990,1200,1200,1200,23900,7,200,317.9239828036311,1.834042021073401,7037.482957995962,115.16142259414227
1791483739,60,GET,GET /health,30.500000,0.000000,67,100,140,170,310,430,680,840,980,980,980,3918,0,110,211.74707867692823,1.834042021073401,6307.394333009142,73.0
1791483739,60,POST,POST /v1/predict,151.300000,0.000000,150,220,290,330,510,750,950,1000,1200,1200,1200,20143,7,220,337.37288413467564,7.670249993680045,7037.482957995962,123.36737328104056
1791483739,60,,Aggregated,181.800000,0.000000,130,200,270,310,480,720,920,990,1200,1200,1200,24061,7,200,316.9164647928583,1.834042021073401,7037.482957995962,115.16574539711567
1791483740,60,GET,GET /health,29.100000,0.000000,70,110,140,180,320,470,680,840,980,980,980,3939,0,110,211.53220240041992,1.834042021073401,6307.394333009142,73.0
1791483740,60,POST,POST /v1/predict,150.000000,0.000000,170,250,320,360,530,730,920,990,1200,1200,1200,20295,7,220,337.24706599934825,7.670249993680045,7037.482957995962,123.3690564178369
1791483740,60,,Aggregated,179.100000,0.000000,150,220,290,340,500,680,910,980,1200,1200,1200,24234,7,200,316.8133428122478,1.834042021073401,7037.482957995962,115.18205826524718
1791483741,60,GET,GET /health,29.200000,0.000000,71,120,160,190,340,480,830,840,980,980,980,3948,0,110,211.45326621157153,1.834042021073401,6307.394333009142,73.0
1791483741,60,POST,POST /v1/predict,150.000000,0.000000,170,250,320,370,530,750,940,1000,1200,1200,1200,20333,7,220,337.0670694803403,7.670249993680045,7037.482957995962,123.36866178134068
1791483741,60,,Aggregated,179.200000,0.000000,150,220,300,340,510,720,920,990,1200,1200,1200,24281,7,200,316.64273377319836,1.834042021073401,7037.482957995962,115.17890531691447
1791483742,60,GET,GET /health,28.500000,0.000000,76,120,170,210,360,570,1100,1300,1700,1700,1700,3953,0,110,212.99756699627756,1.834042021073401,6307.394333009142,73.0
1791483742,60,POST,POST /v1/predict,149.100000,0.000000,180,260,340,380,570,770,990,1800,2000,2000,2000,20358,7,220,338.53922327786626,7.670249993680045,7037.482957995962,123.36983004224383
1791483742,60,,Aggregated,177.600000,0.000000,170,240,320,360,540,770,990,1700,2000,2000,2000,24311,7,200,318.12598781732834,1.834042021073401,7037.482957995962,115.17963061988401
1791483743,60,GET,GET /health,26.200000,0.000000,72,110,160,210,390,830,1700,2300,2400,2400,2400,3985,0,110,214.58295181035322,1.834042021073401,6307.394333009142,73.0
1791483743,60,POST,POST /v1/predict,141.400000,0.000000,180,270,350,400,640,910,1900,2000,2500,2500,2500,20488,7,220,340.358175522734,7.670249993680045,7037.482957995962,123.37094884810621
1791483743,60,,Aggregated,167.600000,0.000000,160,240,330,380,580,890,1800,2000,2500,2500,2500,24473,7,200,319.8778802383857,1.834042021073401,7037.482957995962,115.1689208515507
1791483744,60,GET,GET /health,24.500000,0.000000,84,120,180,230,370,830,1700,2300,2400,2400,2400,4011,0,110,214.26279393249794,1.834042021073401,6307.394333009142,73.0
1791483744,60,POST,POST /v1/predict,128.900000,0.000000,190,290,360,420,630,890,1900,2000,2500,2500,2500,20631,7,220,339.88648287706025,7.670249993680045,7037.482957995962,123.37186757791673
1791483744,60,,Aggregated,153.400000,0.000000,170,260,340,400,610,860,1900,2000,2500,2500,2500,24642,7,200,319.4386046059517,1.834042021073401,7037.482957995962,115.17279441603766
1791483745,60,GET,GET /health,24.100000,0.000000,87,140,220,270,430,840,1700,2400,2400,2400,2400,4030,0,110,213.98927437054297,1.834042021073401,6307.394333009142,73.0
1791483745,60,POST,POST /v1/predict,123.000000,0.000000,200,310,380,440,640,890,1900,2000,2500,2500,2500,20754,7,220,339.45913099406096,7.670249993680045,7037.482957995962,123.37284378914907
1791483745,60,,Aggregated,147.100000,0.000000,190,280,360,420,630,890,1900,2000,2500,2500,2500,24784,7,200,319.05711670287343,1.834042021073401,7037.482957995962,115.18197224015493
1791483746,60,GET,GET /health,24.200000,0.000000,87,130,220,260,390,830,1700,2300,2400,2400,2400,4074,0,110,212.53797112843563,1.834042021073401,6307.394333009142,73.0
1791483746,60,POST,POST /v1/predict,124.900000,0.000000,210,310,390,440,640,890,1900,2000,2500,2500,2500,20937,7,220,338.1778009859013,7.670249993680045,7037.482957995962,123.3730715957396
1791483746,60,,Aggregated,149.100000,0.000000,190,290,360,420,620,890,1900,2000,2500,2500,2500,25011,7,200,317.7125390275897,1.834042021073401,7037.482957995962,115.16788613010276
1791483747,60,GET,GET /health,22.400000,0.000000,93,140,210,250,370,670,1700,2300,2400,2400,2400,4101,0,110,212.1819676199256,1.834042021073401,6307.394333009142,73.0
1791483747,60,POST,POST /v1/predict,119.900000,0.000000,210,300,360,410,560,860,1900,2000,2500,2500,2500,21049,7,220,337.68178081851516,7.670249993680045,7037.482957995962,123.37360444676706
1791483747,60,,Aggregated,142.300000,0.000000,190,280,340,390,540,830,1900,2000,2500,2500,2500,25150,7,200,317.2175766862116,1.834042021073401,7037.482957995962,115.15960238568589
1791483748,60,GET,GET /health,21.700000,0.000000,93,150,230,270,400,670,1700,2300,2400,2400,2400,4140,0,110,211.3199839263998,1.834042021073401,6307.394333009142,73.0
1791483748,60,POST,POST /v1/predict,121.100000,0.000000,210,310,380,440,620,1000,1900,2000,2500,2500,2500,21200,7,220,336.99731919552244,7.670249993680045,7037.482957995962,123.37325471698114
1791483748,60,,Aggregated,142.800000,0.000000,190,290,350,410,590,990,1900,2000,2500,2500,2500,25340,7,200,316.46440017365256,1.834042021073401,7037.482957995962,115.14337016574585
1791483749,60,GET,GET /health,21.300000,0.000000,90,150,220,260,400,670,1700,2300,2400,2400,2400,4161,0,110,211.11694518486797,1.834042021073401,6307.394333009142,73.0
1791483749,60,POST,POST /v1/predict,118.000000,0.000000,200,300,370,440,630,1000,1900,2000,2500,2500,2500,21288,7,220,336.93565470297506,7.670249993680045,7037.482957995962,123.37312100714017
1791483749,60,,Aggregated,139.300000,0.000000,180,280,350,410,600,1000,1900,2000,2500,2500,2500,25449,7,200,316.363858156751,1.834042021073401,7037.482957995962,115.1369405477622
1791483750,60,GET,GET /health,23.900000,0.000000,93,170,250,300,510,830,1700,2300,2400,2400,2400,4174,0,110,212.0006450846395,1.834042021073401,6307.394333009142,73.0
1791483750,60,POST,POST /v1/predict,120.500000,0.000000,200,300,400,470,780,1300,1900,2000,2500,2500,2500,21350,7,220,337.60840346350824,7.670249993680045,7037.482957995962,123.37367681498829
1791483750,60,,Aggregated,144.400000,0.000000,190,290,370,440,730,1200,1900,2000,2500,2500,2500,25524,7,200,317.06747008812016,1.834042021073401,7037.482957995962,115.13595047798151
1791483751,60,GET,GET /health,24.000000,0.000000,93,170,250,300,430,730,1700,2300,2400,2400,2400,4196,0,110,212.16076890688785,1.834042021073401,6307.394333009142,73.0
1791483751,60,POST,POST /v1/predict,113.400000,0.000000,210,320,420,470,790,1200,1900,2000,2500,2500,2500,21501,7,220,338.08972475400736,7.670249993680045,7037.482957995962,123.37477326635971
1791483751,60,,Aggregated,137.400000,0.000000,190,300,380,440,740,1100,1800,2000,2500,2500,2500,25697,7,200,317.5270949242795,1.834042021073401,7037.482957995962,115.14920029575437
1791483752,60,GET,GET /health,23.900000,0.000000,87,150,220,270,390,620,800,840,960,960,960,4208,0,110,211.81546679997047,1.834042021073401,6307.394333009142,73.0
1791483752,60,POST,POST /v1/predict,109.900000,0.000000,200,290,360,420,590,850,1100,1300,1700,1800,1800,21626,7,220,337.4263650338852,7.670249993680045,7037.482957995962,123.37547396652178
1791483752,60,,Aggregated,133.800000,0.000000,190,270,340,390,560,800,1100,1200,1700,1800,1800,25834,7,200,316.9660933079303,1.834042021073401,7037.482957995962,115.17000851590927
1791483753,60,GET,GET /health,23.900000,0.000000,93,160,220,270,390,630,800,840,960,960,960,4230,0,110,211.74830959508625,1.834042021073401,6307.394333009142,73.0
1791483753,60,POST,POST /v1/predict,110.300000,0.000000,220,310,380,450,650,930,1100,1300,1700,1800,1800,21739,7,220,338.16093250461313,7.670249993680045,7037.482957995962,123.37734026404158
1791483753,60,,Aggregated,134.200000,0.000000,200,290,360,420,620,860,1100,1200,1700,1800,1800,25969,7,200,317.57002045920126,1.834042021073401,7037.482957995962,115.1715506950595
1791483754,60,GET,GET /health,25.600000,0.000000,99,160,220,270,390,630,800,840,960,960,960,4259,0,110,211.4808386469015,1.834042021073401,6307.394333009142,73.0
1791483754,60,POST,POST /v1/predict,126.800000,0.000000,220,310,380,440,640,930,1100,1300,1700,1800,1800,21867,7,220,337.65611810650154,7.670249993680045,7037.482957995962,123.37814972332738
1791483754,60,,Aggregated,152.400000,0.000000,200,280,360,410,620,890,1100,1200,1700,1800,1800,26126,7,200,317.0873163297876,1.834042021073401,7037.482957995962,115.16562045471943
1791483755,60,GET,GET /health,24.300000,0.000000,110,170,230,270,390,630,800,840,960,960,960,4281,0,110,210.9967175230537,1.834042021073401,6307.394333009142,73.0
1791483755,60,POST,POST /v1/predict,125.100000,0.000000,220,310,390,450,660,940,1100,1300,1700,1800,1800,22005,7,220,337.16648901631345,7.670249993680045,7037.482957995962,123.37900477164281
1791483755,60,,Aggregated,149.400000,0.000000,200,290,370,420,630,900,1100,1200,1700,1800,1800,26286,7,200,316.61818224606924,1.834042021073401,7037.482957995962,115.17416115042228
1791483756,60,GET,GET /health,24.600000,0.000000,120,190,270,310,390,660,800,840,960,960,960,4301,0,110,210.65415068430292,1.834042021073401,6307.394333009142,73.0
1791483756,60,POST,POST /v1/predict,125.600000,0.000000,250,340,430,480,700,950,1100,1300,1700,1800,1800,22125,7,220,337.05236562788207,7.670249993680045,7037.482957995962,123.38024858757062
1791483756,60,,Aggregated,150.200000,0.000000,230,320,400,460,650,910,1100,1200,1700,1800,1800,26426,7,200,316.4802501933732,1.834042021073401,7037.482957995962,115.18054189056232
1791483757,60,GET,GET /health,24.700000,0.000000,120,190,240,270,390,630,800,840,960,960,960,4327,0,110,210.0894250845998,1.834042021073401,6307.394333009142,73.0
1791483757,60,POST,POST /v1/predict,125.000000,0.000000,260,340,420,470,660,910,1100,1300,1700,1800,1800,22252,7,220,336.5289927805009,7.670249993680045,7037.482957995962,123.38081970159986
1791483757,60,,Aggregated,149.700000,0.000000,230,320,390,440,630,850,1100,1200,1700,1800,1800,26579,7,200,315.9449222955255,1.834042021073401,7037.482957995962,115.1789382595282
1791483758,60,GET,GET /health,23.800000,0.000000,130,210,270,300,390,660,800,920,960,960,960,4344,0,110,210.11563752832063,1.834042021073401,6307.394333009142,73.0
1791483758,60,POST,POST /v1/predict,121.200000,0.000000,280,370,450,500,670,910,1100,1300,1700,1800,1800,22367,7,220,336.9217529926555,7.670249993680045,7037.482957995962,123.38301962712926
1791483758,60,,Aggregated,145.000000,0.000000,260,350,420,480,650,850,1100,1200,1700,1800,1800,26711,7,200,316.29932157574564,1.834042021073401,7037.482957995962,115.18924787540713
1791483759,60,GET,GET /health,23.600000,0.000000,120,190,240,270,360,450,730,800,920,920,920,4364,0,110,209.73898577476385,1.834042021073401,6307.394333009142,73.0
1791483759,60,POST,POST /v1/predict,120.700000,0.000000,270,350,430,480,610,770,1100,1200,1700,1800,1800,22498,7,220,336.60037762341057,7.670249993680045,7037.482957995962,123.38385634278603
1791483759,60,,Aggregated,144.300000,0.000000,250,330,400,450,590,750,1000,1100,1700,1800,1800,26862,7,200,315.99047835948744,1.834042021073401,7037.482957995962,115.19849601667784
1791483760,60,GET,GET /health,21.000000,0.000000,110,160,210,250,310,390,470,480,710,710,710,4406,0,110,209.08094926396828,1.834042021073401,6307.394333009142,73.0
1791483760,60,POST,POST /v1/predict,116.600000,0.000000,250,330,400,440,550,650,770,900,1100,1100,1100,22679,7,220,335.5542312367577,7.670249993680045,7037.482957995962,123.38277701838706
1791483760,60,,Aggregated,137.600000,0.000000,230,310,370,410,530,620,750,850,1100,1100,1100,27085,7,200,314.98043465665353,1.834042021073401,7037.482957995962,115.18685619346502
1791483761,60,GET,GET /health,19.900000,0.000000,120,180,220,250,310,390,470,480,710,710,710,4429,0,110,208.71570417502284,1.834042021073401,6307.394333009142,73.0
1791483761,60,POST,POST /v1/predict,117.700000,0.000000,250,330,400,440,560,650,770,900,1100,1100,1100,22818,7,220,334.84844596026267,7.670249993680045,7037.482957995962,123.38320624068717
1791483761,60,,Aggregated,137.600000,0.000000,230,310,360,410,540,630,750,850,1100,1100,1100,27247,7,200,314.34556808868643,1.834042021073401,7037.482957995962,115.19341578889419
1791483762,60,GET,GET /health,21.700000,0.000000,100,150,190,220,290,340,440,480,600,600,600,4466,0,110,207.54963879942218,1.834042021073401,6307.394333009142,73.0
1791483762,60,POST,POST /v1/predict,126.000000,0.000000,230,300,350,390,520,600,690,740,1000,1000,1000,22983,7,220,333.75005759866053,7.670249993680045,7037.482957995962,123.38263064003829
1791483762,60,,Aggregated,147.700000,0.000000,210,280,330,360,500,590,670,730,1000,1000,1000,27449,7,200,313.21703015294673,1.834042021073401,7037.482957995962,115.18528908156945
1791483763,60,GET,GET /health,23.500000,0.000000,92,140,180,210,280,340,410,480,600,600,600,4495,0,110,206.71159585634712,1.834042021073401,6307.394333009142,73.0
1791483763,60,POST,POST /v1/predict,132.800000,0.000000,220,290,340,380,500,580,660,700,800,830,830,23164,7,220,332.7512823992041,7.670249993680045,7037.482957995962,123.38244690036264
1791483763,60,,Aggregated,156.300000,0.000000,200,270,330,360,480,560,640,700,800,830,830,27659,7,200,312.26795360893135,1.834042021073401,7037.482957995962,115.1945478867638
1791483764,60,GET,GET /health,24.700000,0.000000,86,130,160,190,260,310,410,470,600,600,600,4525,0,110,205.9268437200406,1.834042021073401,6307.394333009142,73.0
1791483764,60,POST,POST /v1/predict,132.000000,0.000000,200,270,320,350,480,560,650,700,790,800,800,23349,7,220,331.3510711053084,7.670249993680045,7037.482957995962,123.38087284252002
1791483764,60,,Aggregated,156.700000,0.000000,180,250,300,330,450,550,630,690,790,800,800,27874,7,200,310.98999523107597,1.834042021073401,7037.482957995962,115.20215971873431
1791483765,60,GET,GET /health,26.300000,0.000000,83,120,150,180,260,300,410,470,600,600,600,4563,0,110,205.0009607350682,1.834042021073401,6307.394333009142,73.0
1791483765,60,POST,POST /v1/predict,139.000000,0.000000,180,250,310,340,470,560,640,690,790,800,800,23523,7,220,330.1834188449947,7.670249993680045,7037.482957995962,123.38030863410279
1791483765,60,,Aggregated,165.300000,0.000000,170,230,290,320,450,540,630,690,790,800,800,28086,7,200,309.84561508669543,1.834042021073401,7037.482957995962,115.19525742362742
1791483766,60,GET,GET /health,26.700000,0.000000,77,120,140,160,260,300,410,470,600,600,600,4592,0,110,204.26609278814232,1.834042021073401,6307.394333009142,73.0
1791483766,60,POST,POST /v1/predict,144.400000,0.000000,180,240,290,330,460,540,620,660,750,760,760,23674,7,220,329.42930685350655,7.670249993680045,7037.482957995962,123.38003717158064
1791483766,60,,Aggregated,171.100000,0.000000,160,220,270,310,440,520,610,660,750,760,760,28266,7,200,309.0957089270875,1.834042021073401,7037.482957995962,115.19546451567254
1791483767,60,GET,GET /health,27.200000,0.000000,76,110,140,160,250,300,350,410,600,600,600,4613,0,110,203.8786108920892,1.834042021073401,6307.394333009142,73.0
1791483767,60,POST,POST /v1/predict,150.100000,0.000000,170,230,270,310,420,510,590,630,720,760,760,23827,7,220,328.5130908067184,7.670249993680045,7037.482957995962,123.37977924203635
1791483767,60,,Aggregated,177.300000,0.000000,150,210,260,290,390,490,590,620,720,760,760,28440,7,200,308.29723792886347,1.834042021073401,7037.482957995962,115.2081223628692
1791483768,60,GET,GET /health,28.100000,0.000000,75,110,140,160,240,290,380,440,600,600,600,4647,0,110,203.34151839924212,1.834042021073401,6307.394333009142,73.0
1791483768,60,POST,POST /v1/predict,152.200000,0.000000,170,220,270,300,400,500,560,610,730,770,770,23990,7,220,328.01919143850466,7.670249993680045,7037.482957995962,123.37982492705294
1791483768,60,,Aggregated,180.300000,0.000000,150,210,250,280,380,480,560,600,730,770,770,28637,7,200,307.7874232151062,1.834042021073401,7037.482957995962,115.20456053357545
1791483769,60,GET,GET /health,28.500000,0.000000,70,100,130,150,220,270,310,380,440,440,440,4689,0,110,202.22699603737527,1.834042021073401,6307.394333009142,73.0
1791483769,60,POST,POST /v1/predict,156.700000,0.000000,160,210,250,290,370,480,550,600,730,770,770,24153,7,220,326.86231021130675,7.670249993680045,7037.482957995962,123.37912474640831
1791483769,60,,Aggregated,185.200000,0.000000,150,200,240,270,350,460,540,590,730,770,770,28842,7,200,306.5996728019184,1.834042021073401,7037.482957995962,115.18871784203591
1791483770,60,GET,GET /health,29.500000,0.000000,67,98,130,150,210,250,300,310,440,440,440,4724,0,110,201.41967908557837,1.834042021073401,6307.394333009142,73.0
1791483770,60,POST,POST /v1/predict,159.700000,0.000000,160,220,250,280,370,470,540,600,730,770,770,24319,7,220,326.0322583364721,7.670249993680045,7037.482957995962,123.37962087256878
1791483770,60,,Aggregated,189.200000,0.000000,150,200,240,260,350,450,520,590,730,770,770,29043,7,200,305.76335276951164,1.834042021073401,7037.482957995962,115.18510484454086
1791483771,60,GET,GET /health,31.900000,0.000000,73,110,130,160,210,260,300,320,440,440,440,4754,0,110,200.91011713868278,1.834042021073401,6307.394333009142,73.0
1791483771,60,POST,POST /v1/predict,166.000000,0.000000,160,210,250,280,370,470,550,600,730,770,770,24512,7,210,324.84404269964426,7.670249993680045,7037.482957995962,123.37944680156657
1791483771,60,,Aggregated,197.900000,0.000000,150,200,230,260,350,450,530,590,730,770,770,29266,7,200,304.7120847239445,1.834042021073401,7037.482957995962,115.19575616756646
1791483772,60,GET,GET /health,31.900000,0.000000,73,110,140,160,230,280,310,340,560,560,560,4787,0,110,200.4379902171075,1.834042021073401,6307.394333009142,73.0
1791483772,60,POST,POST /v1/predict,166.200000,0.000000,160,210,250,280,370,470,560,600,730,770,770,24652,7,210,324.2999227880778,7.670249993680045,7037.482957995962,123.38013142949862
1791483772,60,,Aggregated,198.100000,0.000000,140,200,230,260,360,450,540,600,730,770,770,29439,7,200,304.1590528122888,1.834042021073401,7037.482957995962,115.18794796018886
1791483773,60,GET,GET /health,32.400000,0.000000,81,120,150,170,230,280,320,430,560,560,560,4805,0,110,200.18322310056348,1.834042021073401,6307.394333009142,73.0
1791483773,60,POST,POST /v1/predict,166.100000,0.000000,170,220,260,300,400,490,580,620,770,770,770,24790,7,210,323.9484163100304,7.670249993680045,7037.482957995962,123.38083904800322
1791483773,60,,Aggregated,198.500000,0.000000,150,210,240,280,370,470,570,610,770,770,770,29595,7,200,303.85408438330217,1.834042021073401,7037.482957995962,115.20108126372698
1791483774,60,GET,GET /health,30.700000,0.000000,81,120,150,180,250,300,440,560,720,720,720,4839,0,110,199.78983355655757,1.834042021073401,6307.394333009142,73.0
1791483774,60,POST,POST /v1/predict,165.500000,0.000000,180,230,280,320,420,510,600,640,800,820,820,24924,7,210,323.435595884637,7.670249993680045,7037.482957995962,123.38067725886695
1791483774,60,,Aggregated,196.200000,0.000000,160,220,260,290,400,500,590,630,800,820,820,29763,7,200,303.3327217151779,1.834042021073401,7037.482957995962,115.18956422403656
1791483775,60,GET,GET /health,32.200000,0.000000,87,130,160,180,260,320,440,560,720,720,720,4865,0,110,199.51735278317526,1.834042021073401,6307.394333009142,73.0
1791483775,60,POST,POST /v1/predict,165.900000,0.000000,180,230,280,320,430,530,620,710,910,920,920,25083,7,210,322.8541609421405,7.670249993680045,7037.482957995962,123.38057648606626
1791483775,60,,Aggregated,198.100000,0.000000,160,220,260,300,400,510,610,690,910,920,920,29948,7,200,302.81831308273735,1.834042021073401,7037.482957995962,115.19634032322692
1791483776,60,GET,GET /health,31.700000,0.000000,86,120,160,180,260,350,440,560,720,720,720,4884,0,110,199.19829221174447,1.834042021073401,6307.394333009142,73.0
1791483776,60,POST,POST /v1/predict,159.800000,0.000000,190,240,280,320,430,540,640,740,910,920,920,25218,7,210,322.4727341727565,7.670249993680045,7037.482957995962,123.3813545879927
1791483776,60,,Aggregated,191.500000,0.000000,170,220,270,300,400,510,620,720,910,920,920,30102,7,200,302.4716586781843,1.834042021073401,7037.482957995962,115.20706265364427
1791483777,60,GET,GET /health,30.800000,0.000000,87,130,160,180,280,340,420,560,720,720,720,4910,0,110,198.84884537395862,1.834042021073401,6307.394333009142,73.0
1791483777,60,POST,POST /v1/predict,155.500000,0.000000,190,240,290,330,430,530,680,760,910,920,920,25342,7,210,322.2513909715285,7.670249993680045,7037.482957995962,123.3819351274564
1791483777,60,,Aggregated,186.300000,0.000000,170,230,270,310,400,510,620,740,910,920,920,30252,7,200,302.22274827405016,1.834042021073401,7037.482957995962,115.20477984926616
1791483778,60,GET,GET /health,29.900000,0.000000,95,130,180,200,290,350,450,560,720,720,720,4937,0,110,198.46908291092402,1.834042021073401,6307.394333009142,73.0
1791483778,60,POST,POST /v1/predict,155.500000,0.000000,200,260,320,360,460,560,690,770,910,920,920,25470,7,210,322.0550072226678,7.670249993680045,7037.482957995962,123.38272477424421
1791483778,60,,Aggregated,185.400000,0.000000,180,240,290,330,430,540,680,760,910,920,920,30407,7,200,301.9891109380251,1.834042021073401,7037.482957995962,115.20238760811655
1791483779,60,GET,GET /health,29.500000,0.000000,98,140,180,200,320,390,570,660,820,820,820,4949,0,110,198.6857869513538,1.834042021073401,6307.394333009142,73.0
1791483779,60,POST,POST /v1/predict,150.900000,0.000000,200,260,330,370,500,620,770,870,1000,1000,1000,25500,7,210,322.3789330689535,7.670249993680045,7037.482957995962,123.38305882352941
1791483779,60,,Aggregated,180.400000,0.000000,180,240,310,350,490,590,760,860,1000,1000,1000,30449,7,200,302.2745821826828,1.834042021073401,7037.482957995962,115.19409504417223
1791483780,60,GET,GET /health,29.700000,0.000000,99,140,190,210,340,450,660,820,1600,1600,1600,4969,0,110,198.8804372015146,1.834042021073401,6307.394333009142,73.0
1791483780,60,POST,POST /v1/predict,150.500000,0.000000,210,290,370,410,580,800,1400,1800,2100,2200,2200,25609,7,210,323.9947391741749,7.670249993680045,7037.482957995962,123.38408372056699
1791483780,60,,Aggregated,180.200000,0.000000,190,270,340,390,550,770,1300,1800,2100,2200,2200,30578,7,200,303.6633582302868,1.834042021073401,7037.482957995962,115.19654653672575
1791483781,60,GET,GET /health,27.100000,0.000000,100,150,210,260,380,570,850,950,1600,1600,1600,4989,0,110,199.317587015078,1.834042021073401,6307.394333009142,73.0
1791483781,60,POST,POST /v1/predict,139.100000,0.000000,220,320,400,450,620,890,1500,1800,2100,2200,2200,25710,7,210,323.9687641923977,7.670249993680045,7037.482957995962,123.3847530143913
1791483781,60,,Aggregated,166.200000,0.000000,200,290,370,420,580,820,1300,1800,2100,2200,2200,30699,7,200,303.71127297321425,1.834042021073401,7037.482957995962,115.19655363366886
1791483782,60,GET,GET /health,24.600000,0.000000,95,150,210,250,390,570,850,950,1600,1600,1600,5032,0,110,198.65423411748424,1.834042021073401,6307.394333009142,73.0
1791483782,60,POST,POST /v1/predict,128.500000,0.000000,220,320,410,480,670,920,1500,1800,2100,2200,2200,25848,7,210,323.8850657680078,7.670249993680045,7037.482957995962,123.3849040544723
1791483782,60,,Aggregated,153.100000,0.000000,200,290,380,440,630,890,1300,1800,2100,2200,2200,30880,7,200,303.4782799886842,1.834042021073401,7037.482957995962,115.17451424870467
1791483783,60,GET,GET /health,22.900000,0.000000,96,160,220,280,440,630,850,950,1600,1600,1600,5061,0,110,198.48397035331874,1.834042021073401,6307.394333009142,73.0
1791483783,60,POST,POST /v1/predict,121.800000,0.000000,210,320,420,490,710,950,1500,1900,2100,2200,2200,25953,7,210,323.6704994499175,7.670249993680045,7037.482957995962,123.38454128617116
1791483783,60,,Aggregated,144.700000,0.000000,200,290,380,460,670,910,1300,1800,2100,2200,2200,31014,7,200,303.2420147733855,1.834042021073401,7037.482957995962,115.16257174179403
1791483784,60,GET,GET /health,25.000000,0.000000,86,140,210,260,440,670,1100,1100,1600,1600,1600,5093,0,110,198.32925277323312,1.834042021073401,6307.394333009142,73.0
1791483784,60,POST,POST /v1/predict,119.000000,0.000000,200,320,410,490,750,1000,1500,1800,2100,2200,2200,26111,7,210,323.2744867330943,7.670249993680045,7037.482957995962,123.38351652560223
1791483784,60,,Aggregated,144.000000,0.000000,180,280,380,460,700,980,1400,1800,2100,2200,2200,31204,7,200,302.88139365023153,1.834042021073401,7037.482957995962,115.16010767850275
1791483785,60,GET,GET /health,24.600000,0.000000,82,140,210,260,460,660,1100,1100,1600,1600,1600,5125,0,110,197.8991130567894,1.834042021073401,6307.394333009142,73.0
1791483785,60,POST,POST /v1/predict,117.200000,0.000000,200,320,430,520,760,1000,1500,1800,2100,2200,2200,26259,7,210,322.7839595886282,7.670249993680045,7037.482957995962,123.38344948398644
1791483785,60,,Aggregated,141.800000,0.000000,170,290,390,480,700,980,1400,1800,2100,2200,2200,31384,7,200,302.39029280059117,1.834042021073401,7037.482957995962,115.15584374203415
1791483786,60,GET,GET /health,24.600000,0.000000,70,130,200,240,440,650,950,1100,1600,1600,1600,5167,0,110,196.9991647873036,1.834042021073401,6307.394333009142,73.0
1791483786,60,POST,POST /v1/predict,114.500000,0.000000,180,290,410,490,750,1000,1500,1800,2100,2200,2200,26397,7,210,322.0190988874863,7.670249993680045,7037.482957995962,123.38269500322006
1791483786,60,,Aggregated,139.100000,0.000000,160,270,370,460,680,980,1400,1800,2100,2200,2200,31564,7,200,301.55344182577903,1.834042021073401,7037.482957995962,115.13509060955519
1791483787,60,GET,GET /health,25.800000,0.000000,72,130,200,220,460,660,950,1100,1600,1600,1600,5180,0,110,196.83531932084992,1.834042021073401,6307.394333009142,73.0
1791483787,60,POST,POST /v1/predict,117.400000,0.000000,190,290,410,500,790,1000,1500,1900,2100,2200,2200,26515,7,210,322.0523897682497,7.670249993680045,7037.482957995962,123.38333019045822
1791483787,60,,Aggregated,143.200000,0.000000,160,270,370,470,720,1000,1400,1800,2100,2200,2200,31695,7,200,301.5878235932186,1.834042021073401,7037.482957995962,115.1490455907872
1791483788,60,GET,GET /health,27.100000,0.000000,72,120,210,250,470,670,950,1100,1600,1600,1600,5203,0,110,196.85754011264186,1.834042021073401,6307.394333009142,73.0
1791483788,60,POST,POST /v1/predict,117.800000,0.000000,190,300,430,510,770,1000,1500,1800,2100,2200,2200,26651,8,210,322.1778392177802,7.670249993680045,7037.482957995962,123.38002326366741
1791483788,60,,Aggregated,144.900000,0.000000,160,280,380,470,720,980,1400,1800,2100,2200,2200,31854,8,200,301.70814887295325,1.834042021073401,7037.482957995962,115.15100144408865
1791483789,60,GET,GET /health,27.100000,0.000000,67,120,200,220,400,560,940,1100,1600,1600,1600,5225,0,110,196.5349791070132,1.834042021073401,6307.394333009142,73.0
1791483789,60,POST,POST /v1/predict,116.900000,0.000000,190,290,390,470,680,880,1200,1500,2100,2200,2200,26773,8,210,322.03194136649375,7.670249993680045,7037.482957995962,123.38060732827849
1791483789,60,,Aggregated,144.000000,0.000000,160,270,360,430,650,840,1100,1500,2100,2200,2200,31998,8,200,301.5393597112069,1.834042021073401,7037.482957995962,115.1538846177886
1791483790,60,GET,GET /health,26.200000,0.000000,75,130,210,260,400,560,850,1100,1100,1100,1100,5263,0,110,196.61202900839277,1.834042021073401,6307.394333009142,73.0
1791483790,60,POST,POST /v1/predict,115.100000,0.000000,190,300,400,470,670,830,1000,1200,1500,1500,1500,26893,8,210,322.0984579103086,7.670249993680045,7037.482957995962,123.38065667645856
1791483790,60,,Aggregated,141.300000,0.000000,160,280,370,430,640,800,990,1100,1500,1500,1500,32156,8,200,301.5599868532471,1.834042021073401,7037.482957995962,115.13481154372434
1791483791,60,GET,GET /health,26.400000,0.000000,73,120,200,220,360,490,680,1100,1100,1100,1100,5300,0,100,195.9879748273766,1.834042021073401,6307.394333009142,73.0
1791483791,60,POST,POST /v1/predict,120.100000,0.100000,180,290,380,440,620,790,940,1100,1500,1500,1500,27036,8,210,321.52900885992784,7.670249993680045,7037.482957995962,123.38027075011097
1791483791,60,,Aggregated,146.500000,0.100000,150,260,350,400,590,760,920,1100,1500,1500,1500,32336,8,200,300.95233022396144,1.834042021073401,7037.482957995962,115.12274245423058
1791483792,60,GET,GET /health,27.800000,0.000000,76,120,200,220,360,500,680,1100,1100,1100,1100,5327,0,100,195.4487872083894,1.834042021073401,6307.394333009142,73.0
1791483792,60,POST,POST /v1/predict,126.500000,0.100000,170,280,370,420,600,780,930,1000,1500,1500,1500,27223,8,210,320.54914016934225,7.670249993680045,7037.482957995962,123.37887080777284
1791483792,60,,Aggregated,154.300000,0.100000,150,250,340,390,570,760,910,1000,1500,1500,1500,32550,8,190,300.07572756648267,1.834042021073401,7037.482957995962,115.13407066052227
1791483793,60,GET,GET /health,29.900000,0.000000,73,110,170,210,330,400,670,820,1100,1100,1100,5356,0,100,194.77425564788598,1.834042021073401,6307.394333009142,73.0
1791483793,60,POST,POST /v1/predict,129.200000,0.100000,170,270,350,400,550,700,870,980,1500,1500,1500,27412,8,210,319.46540367799395,7.670249993680045,7037.482957995962,123.37790018969794
1791483793,60,,Aggregated,159.100000,0.100000,150,240,320,370,520,690,870,980,1500,1500,1500,32768,8,190,299.08436764133177,1.834042021073401,7037.482957995962,115.14352416992188
1791483794,60,GET,GET /health,30.400000,0.000000,76,120,180,210,330,400,510,680,820,820,820,5388,0,100,194.38461586007097,1.834042021073401,6307.394333009142,73.0
1791483794,60,POST,POST /v1/predict,135.400000,0.100000,170,270,340,380,520,660,830,880,1100,1100,1100,27581,8,210,318.6059938784787,7.670249993680045,7037.482957995962,123.37685363112287
1791483794,60,,Aggregated,165.800000,0.100000,150,240,320,360,490,640,800,870,1100,1100,1100,32969,8,190,298.30496003567873,1.834042021073401,7037.482957995962,115.14395341077983
1791483795,60,GET,GET /health,28.900000,0.000000,65,110,160,200,330,390,510,680,820,820,820,5422,0,100,193.56925906070686,1.834042021073401,6307.394333009142,73.0
1791483795,60,POST,POST /v1/predict,140.000000,0.100000,160,250,330,380,520,640,830,880,1100,1100,1100,27762,8,210,317.46655302381794,7.670249993680045,7037.482957995962,123.37504502557452
1791483795,60,,Aggregated,168.900000,0.100000,140,230,310,360,480,610,790,870,1100,1100,1100,33184,8,190,297.2227268465012,1.834042021073401,7037.482957995962,115.14416586306653
1791483796,60,GET,GET /health,29.100000,0.000000,63,110,160,200,340,400,470,680,820,820,820,5450,0,100,192.9780083717864,1.834042021073401,6307.394333009142,73.0
1791483796,60,POST,POST /v1/predict,147.000000,0.100000,140,230,320,380,530,610,800,870,1100,1100,1100,27956,8,210,316.48512580494537,7.670249993680045,7037.482957995962,123.373408212906
1791483796,60,,Aggregated,176.100000,0.100000,120,210,290,350,500,590,770,870,1100,1100,1100,33406,8,190,296.33563798806153,1.834042021073401,7037.482957995962,115.15527150811232
1791483797,60,GET,GET /health,28.900000,0.000000,57,100,150,200,330,390,460,530,820,820,820,5483,0,100,192.37453912809087,1.834042021073401,6307.394333009142,73.0
1791483797,60,POST,POST /v1/predict,147.500000,0.100000,130,210,300,360,500,580,660,790,900,950,950,28095,8,210,315.7567384736095,7.670249993680045,7037.482957995962,123.37237942694429
1791483797,60,,Aggregated,176.400000,0.100000,110,190,270,330,470,570,660,770,900,950,950,33578,8,190,295.6094813703994,1.834042021073401,7037.482957995962,115.14700101256776
1791483798,60,GET,GET /health,28.400000,0.000000,53,99,150,180,330,430,530,850,1100,1100,1100,5508,0,100,192.45654528928418,1.834042021073401,6307.394333009142,73.0
1791483798,60,POST,POST /v1/predict,152.000000,0.100000,120,200,280,350,520,600,850,1200,1400,1500,1500,28198,8,210,315.99442525466776,7.670249993680045,7037.482957995962,123.37247322505142
1791483798,60,,Aggregated,180.400000,0.100000,110,180,260,330,480,590,820,1100,1400,1500,1500,33706,8,190,295.806724464024,1.834042021073401,7037.482957995962,115.14095413279534
1791483799,60,GET,GET /health,29.800000,0.000000,55,95,140,170,330,450,630,820,1100,1100,1100,5539,0,100,192.16799006958072,1.834042021073401,6307.394333009142,73.0
1791483799,60,POST,POST /v1/predict,156.700000,0.100000,120,190,260,330,520,630,1100,1300,1400,1500,1500,28328,8,210,316.08459021562396,7.670249993680045,7037.482957995962,123.37224654052528
1791483799,60,,Aggregated,186.500000,0.100000,110,170,240,310,490,610,980,1300,1400,1500,1500,33867,8,190,295.8178394491245,1.834042021073401,7037.482957995962,115.1337880532672
