Timestamp,User Count,Type,Name,Requests/s,Failures/s,50%,66%,75%,80%,90%,95%,98%,99%,99.9%,99.99%,100%,Total Request Count,Total Failure Count,Total Median Response Time,Total Average Response Time,Total Min Response Time,Total Max Response Time,Total Average Content Size
1791485084,0,,Aggregated,0.000000,0.000000,N/A,N/A,N/A,N/A,N/A,N/A,N/A,N/A,N/A,N/A,N/A,0,0,0,0.0,0,0,0
1791485085,20,GET,GET /health,0.000000,0.000000,0,0,0,0,0,0,0,0,0,0,0,16,0,5,11.074262867623474,2.03758297720924,98.98641699692234,73.0
1791485085,20,POST,POST /v1/predict,0.000000,0.000000,0,0,0,0,0,0,0,0,0,0,0,107,0,11,35.29087029817453,7.394040992949158,189.83458299771883,122.22429906542057
1791485085,20,,Aggregated,0.000000,0.000000,0,0,0,0,0,0,0,0,0,0,0,123,0,10,32.14074250233049,2.03758297720924,189.83458299771883,115.82113821138212
1791485086,40,GET,GET /health,0.000000,0.000000,33,49,59,70,160,290,310,310,310,310,310,41,0,20,49.2556117526142,2.03758297720924,309.3678750155959,73.0
1791485086,40,POST,POST /v1/predict,0.000000,0.000000,50,86,130,170,230,310,390,430,1100,1100,1100,257,0,43,87.03477545503205,7.394040992949158,1072.3900840093847,122.6614785992218
1791485086,40,,Aggregated,0.000000,0.000000,46,80,110,160,230,310,390,430,1100,1100,1100,298,0,39,81.83697105302153,2.03758297720924,1072.3900840093847,115.82885906040268
1791485087,60,GET,GET /health,5.000000,0.000000,31,43,61,78,120,160,290,310,310,310,310,80,0,30,47.39142392354552,2.03758297720924,309.3678750155959,73.0
1791485087,60,POST,POST /v1/predict,53.000000,0.000000,67,100,130,150,200,230,340,390,1100,1100,1100,477,0,63,89.58886775662351,7.394040992949158,1072.3900840093847,122.79874213836477
1791485087,60,,Aggregated,58.000000,0.000000,60,92,120,140,190,230,330,390,1100,1100,1100,557,0,57,83.52819359747407,2.03758297720924,1072.3900840093847,115.6463195691203
1791485088,60,GET,GET /health,13.500000,0.000000,32,49,61,74,100,140,190,290,310,310,310,143,0,31,46.34523652966128,2.03758297720924,309.3678750155959,73.0
1791485088,60,POST,POST /v1/predict,80.500000,0.000000,66,110,130,160,200,250,360,410,1100,1100,1100,717,0,64,93.73049774487903,7.394040992949158,1072.3900840093847,122.85774058577405
1791485088,60,,Aggregated,94.000000,0.000000,59,92,120,140,190,240,340,400,1100,1100,1100,860,0,57,85.85132058932538,2.03758297720924,1072.3900840093847,114.56744186046511
1791485089,60,GET,GET /health,19.333333,0.000000,37,54,69,75,110,130,160,290,310,310,310,181,0,35,49.390487087143136,2.03758297720924,309.3678750155959,73.0
1791485089,60,POST,POST /v1/predict,124.333333,0.000000,75,110,140,160,200,240,330,400,1100,1100,1100,935,0,73,97.01958093101179,7.394040992949158,1072.3900840093847,122.89197860962567
1791485089,60,,Aggregated,143.666667,0.000000,66,100,120,140,200,230,310,370,570,1100,1100,1116,0,64,89.29479062120872,2.03758297720924,1072.3900840093847,114.80017921146954
1791485090,60,GET,GET /health,28.000000,0.000000,38,56,71,82,120,160,290,310,340,340,340,208,0,38,55.97509333039432,2.03758297720924,340.86954200756736,73.0
1791485090,60,POST,POST /v1/predict,149.750000,0.000000,79,120,150,170,220,290,380,430,730,1100,1100,1137,0,78,106.26185965409856,7.394040992949158,1072.3900840093847,122.9349164467898
1791485090,60,,Aggregated,177.750000,0.000000,71,110,140,160,220,280,370,420,730,1100,1100,1345,0,70,98.48517014084169,2.03758297720924,1072.3900840093847,115.21263940520446
1791485091,60,GET,GET /health,33.200000,0.000000,34,56,71,86,120,160,250,310,340,340,340,264,0,34,54.39805396886324,2.03758297720924,340.86954200756736,73.0
1791485091,60,POST,POST /v1/predict,165.000000,0.000000,76,120,150,170,220,290,370,420,730,1100,1100,1376,0,75,103.97576998844289,7.394040992949158,1072.3900840093847,122.93604651162791
1791485091,60,,Aggregated,198.200000,0.000000,68,110,130,160,210,260,360,410,730,1100,1100,1640,0,66,95.99496692187641,2.03758297720924,1072.3900840093847,114.89756097560975
1791485092,60,GET,GET /health,32.666667,0.000000,36,54,70,79,120,160,220,300,340,340,340,321,0,34,52.83356967555849,2.03758297720924,340.86954200756736,73.0
1791485092,60,POST,POST /v1/predict,171.333333,0.000000,76,110,140,160,210,270,360,410,730,1100,1100,1606,0,75,102.21111517071398,7.394040992949158,1072.3900840093847,122.93088418430884
1791485092,60,,Aggregated,204.000000,0.000000,66,100,130,150,200,250,350,400,730,1100,1100,1927,0,65,93.98579492995377,2.03758297720924,1072.3900840093847,114.61338868707836
1791485093,60,GET,GET /health,33.857143,0.000000,35,52,69,79,120,160,230,310,350,350,350,379,0,34,52.86901217363443,2.03758297720924,349.167167005362,73.0
1791485093,60,POST,POST /v1/predict,177.714286,0.000000,75,110,140,160,210,260,360,410,730,1100,1100,1849,0,74,100.97239628021345,7.394040992949158,1072.3900840093847,122.93239588967009
1791485093,60,,Aggregated,211.571429,0.000000,66,100,130,150,200,250,350,400,700,1100,1100,2228,0,65,92.78963928901351,2.03758297720924,1072.3900840093847,114.43850987432675
1791485094,60,GET,GET /health,35.750000,0.000000,37,54,70,81,120,150,220,300,350,350,350,415,0,36,53.09692304763741,2.03758297720924,349.167167005362,73.0
1791485094,60,POST,POST /v1/predict,186.875000,0.000000,76,110,130,150,200,250,350,400,700,1100,1100,2088,0,76,99.52794405743174,7.394040992949158,1072.3900840093847,122.92624521072797
1791485094,60,,Aggregated,222.625000,0.000000,68,100,120,140,190,240,340,390,700,1100,1100,2503,0,67,91.82963254362245,2.03758297720924,1072.3900840093847,114.64842189372753
1791485095,60,GET,GET /health,39.444444,0.000000,38,55,69,78,110,140,210,250,350,350,350,463,0,37,53.062784336416804,2.03758297720924,349.167167005362,73.0
1791485095,60,POST,POST /v1/predict,190.666667,0.000000,78,110,130,150,200,240,340,390,570,730,730,2301,0,76,99.1644465914415,7.394040992949158,1072.3900840093847,122.93133420252065
1791485095,60,,Aggregated,230.111111,0.000000,70,100,120,140,190,230,320,370,570,730,730,2764,0,68,91.44191778388853,2.03758297720924,1072.3900840093847,114.5672937771346
1791485096,60,GET,GET /health,39.500000,0.000000,34,51,66,77,110,140,210,260,350,350,350,504,0,34,51.65985222779527,2.03758297720924,349.167167005362,73.0
1791485096,60,POST,POST /v1/predict,196.700000,0.000000,72,100,130,150,210,260,370,430,570,730,730,2551,0,72,99.22739727244299,7.394040992949158,1072.3900840093847,122.9282634261074
1791485096,60,,Aggregated,236.200000,0.000000,64,94,120,140,190,250,360,420,570,730,730,3055,0,64,91.37992011941436,2.03758297720924,1072.3900840093847,114.69132569558101
1791485097,60,GET,GET /health,43.500000,0.000000,35,51,66,77,110,150,210,260,350,350,350,557,0,34,50.830729985164474,2.03758297720924,349.167167005362,73.0
1791485097,60,POST,POST /v1/predict,214.100000,0.000000,74,110,130,150,210,260,370,430,570,730,730,2774,0,72,99.73502923824421,7.394040992949158,1072.3900840093847,122.92862292718097
1791485097,60,,Aggregated,257.600000,0.000000,65,96,120,140,190,250,350,420,570,730,730,3331,0,64,91.5573964901309,2.03758297720924,1072.3900840093847,114.57970579405584
1791485098,60,GET,GET /health,45.000000,0.000000,34,50,68,78,120,180,230,320,350,350,350,605,0,34,51.825651416145185,2.03758297720924,349.167167005362,73.0
1791485098,60,POST,POST /v1/predict,225.800000,0.000000,75,110,130,150,220,290,390,440,570,730,730,2978,0,74,101.496442557011,7.394040992949158,1072.3900840093847,122.93653458697112
1791485098,60,,Aggregated,270.800000,0.000000,66,97,120,140,210,280,370,430,570,730,730,3583,0,65,93.10938460551118,2.03758297720924,1072.3900840093847,114.50460507954229
1791485099,60,GET,GET /health,47.200000,0.000000,34,48,66,78,120,180,240,310,510,510,510,635,0,35,53.69624563897997,2.03758297720924,507.3952079983428,73.0
1791485099,60,POST,POST /v1/predict,228.600000,0.000000,74,110,130,150,230,320,410,460,570,730,730,3168,0,75,104.61892459997298,7.394040992949158,1072.3900840093847,122.94665404040404
1791485099,60,,Aggregated,275.800000,0.000000,65,96,120,140,210,300,390,450,570,730,730,3803,0,66,96.11618961700412,2.03758297720924,1072.3900840093847,114.60688929792269
1791485100,60,GET,GET /health,46.300000,0.000000,33,47,62,73,100,180,240,310,510,510,510,679,0,34,52.94605311473855,2.03758297720924,507.3952079983428,73.0
1791485100,60,POST,POST /v1/predict,226.200000,0.000000,71,100,130,150,220,290,390,450,550,570,570,3394,0,74,103.87159676741103,7.394040992949158,1072.3900840093847,122.94460813199764
1791485100,60,,Aggregated,272.500000,0.000000,63,92,120,140,200,280,370,440,550,570,570,4073,0,65,95.38192229155426,2.03758297720924,1072.3900840093847,114.61846304934937
1791485101,60,GET,GET /health,44.700000,0.000000,34,48,66,77,110,190,240,310,510,510,510,719,0,34,53.215306420144735,2.03758297720924,507.3952079983428,73.0
1791485101,60,POST,POST /v1/predict,222.100000,0.000000,76,110,140,160,240,320,410,470,570,600,600,3616,0,76,106.28869061440079,7.394040992949158,1072.3900840093847,122.95658185840708
1791485101,60,,Aggregated,266.800000,0.000000,66,99,130,150,220,300,390,460,570,600,600,4335,0,66,97.4859770652266,2.03758297720924,1072.3900840093847,114.67081891580162
1791485102,60,GET,GET /health,46.200000,0.000000,35,52,66,75,110,180,230,280,510,510,510,761,0,35,53.10138455865465,2.03758297720924,507.3952079983428,73.0
1791485102,60,POST,POST /v1/predict,225.700000,0.000000,80,110,140,160,240,310,400,460,570,600,600,3823,0,77,106.78880849690457,7.394040992949158,1072.3900840093847,122.96364111953963
1791485102,60,,Aggregated,271.900000,0.000000,71,100,130,150,220,300,380,450,570,600,600,4584,0,68,97.87604025584693,2.03758297720924,1072.3900840093847,114.66906631762653
1791485103,60,GET,GET /health,46.100000,0.000000,35,52,66,75,110,180,230,280,510,510,510,797,0,35,53.27071510926514,2.03758297720924,507.3952079983428,73.0
1791485103,60,POST,POST /v1/predict,223.800000,0.000000,82,120,150,170,240,320,400,470,570,600,600,4049,0,79,107.45541264626226,7.394040992949158,1072.3900840093847,122.96912817979748
1791485103,60,,Aggregated,269.900000,0.000000,73,110,140,160,230,300,390,460,570,600,600,4846,0,70,98.54389718258362,2.03758297720924,1072.3900840093847,114.75092860090797
1791485104,60,GET,GET /health,45.100000,0.000000,35,55,70,80,120,190,240,310,510,510,510,831,0,36,54.39954580999429,2.03758297720924,507.3952079983428,73.0
1791485104,60,POST,POST /v1/predict,222.400000,0.000000,85,130,160,180,250,320,410,470,570,600,600,4243,0,80,108.08798969121754,7.394040992949158,1072.3900840093847,122.97383926467123
1791485104,60,,Aggregated,267.500000,0.000000,75,120,150,170,240,300,390,460,570,600,600,5074,0,71,99.29510501141925,2.03758297720924,1072.3900840093847,114.78931809223492
1791485105,60,GET,GET /health,42.200000,0.000000,36,58,71,83,140,190,260,320,510,510,510,870,0,36,55.07622876448086,2.03758297720924,507.3952079983428,73.0
1791485105,60,POST,POST /v1/predict,220.700000,0.000000,89,130,160,180,250,330,420,500,680,700,700,4444,0,80,109.72429158412399,7.394040992949158,1072.3900840093847,122.97839783978398
1791485105,60,,Aggregated,262.900000,0.000000,78,120,150,170,240,310,400,500,680,700,700,5314,0,71,100.7773938323194,2.03758297720924,1072.3900840093847,114.79601053820097
1791485106,60,GET,GET /health,42.200000,0.000000,41,60,74,89,140,200,280,320,510,510,510,915,0,36,55.93462575432498,2.03758297720924,507.3952079983428,73.0
1791485106,60,POST,POST /v1/predict,217.500000,0.000000,92,130,160,190,260,350,480,550,680,700,700,4660,0,80,110.88083535559598,7.394040992949158,1072.3900840093847,122.98175965665236
1791485106,60,,Aggregated,259.700000,0.000000,82,120,150,170,250,330,460,540,680,700,700,5575,0,71,101.86275790534253,2.03758297720924,1072.3900840093847,114.77847533632287
1791485107,60,GET,GET /health,40.900000,0.000000,43,61,77,93,150,200,280,320,510,510,510,957,0,36,55.81315315484002,2.03758297720924,507.3952079983428,73.0
1791485107,60,POST,POST /v1/predict,214.900000,0.000000,91,130,160,190,260,350,480,550,680,700,700,4863,0,80,110.97393739457226,7.394040992949158,1072.3900840093847,122.98478305572692
1791485107,60,,Aggregated,255.800000,0.000000,81,120,150,180,250,330,460,540,680,700,700,5820,0,71,101.90368472834824,2.03758297720924,1072.3900840093847,114.76563573883162
1791485108,60,GET,GET /health,41.400000,0.000000,43,62,78,93,150,190,250,320,510,510,510,989,0,37,56.62850588387659,2.03758297720924,507.3952079983428,73.0
1791485108,60,POST,POST /v1/predict,212.200000,0.000000,92,140,170,190,260,340,480,550,680,700,700,5053,0,82,113.24861861064012,7.394040992949158,1072.3900840093847,122.99940629329112
1791485108,60,,Aggregated,253.600000,0.000000,82,120,150,180,250,330,440,540,680,700,700,6042,0,73,103.98061273729205,2.03758297720924,1072.3900840093847,114.81512744124463
1791485109,60,GET,GET /health,40.200000,0.000000,45,65,83,98,150,190,240,280,380,380,380,1024,0,37,57.011522118443736,2.03758297720924,507.3952079983428,73.0
1791485109,60,POST,POST /v1/predict,209.100000,0.000000,96,140,170,190,270,360,490,560,680,700,700,5223,0,82,114.47186715150406,7.394040992949158,1072.3900840093847,123.00650966877274
1791485109,60,,Aggregated,249.300000,0.000000,86,130,160,180,250,340,470,530,680,700,700,6247,0,73,105.0530431857839,2.03758297720924,1072.3900840093847,114.80950856411077
1791485110,60,GET,GET /health,39.400000,0.000000,50,68,91,110,160,200,260,320,380,380,380,1057,0,38,58.32524186493313,2.03758297720924,507.3952079983428,73.0
1791485110,60,POST,POST /v1/predict,207.400000,0.000000,100,150,180,210,290,370,490,560,680,700,700,5397,0,84,116.64714048995924,7.394040992949158,1072.3900840093847,123.01334074485825
1791485110,60,,Aggregated,246.800000,0.000000,93,140,170,190,270,350,470,530,680,700,700,6454,0,75,107.09550633336603,2.03758297720924,1072.3900840093847,114.82243569879145
1791485111,60,GET,GET /health,38.900000,0.000000,50,70,95,110,170,240,320,360,380,380,380,1076,0,39,59.72455683115936,2.03758297720924,507.3952079983428,73.0
1791485111,60,POST,POST /v1/predict,207.000000,0.000000,110,160,190,220,330,430,600,690,960,980,980,5520,0,85,121.69680624242903,7.394040992949158,1072.3900840093847,123.02445652173913
1791485111,60,,Aggregated,245.900000,0.000000,97,140,180,210,310,410,570,680,940,980,980,6596,0,76,111.5873246829193,2.03758297720924,1072.3900840093847,114.86400848999394
1791485112,60,GET,GET /health,38.100000,0.000000,52,75,95,110,180,240,320,360,380,380,380,1127,0,40,60.21194034998228,2.03758297720924,507.3952079983428,73.0
1791485112,60,POST,POST /v1/predict,201.800000,0.000000,110,150,190,220,330,440,610,690,960,980,980,5749,0,86,121.2668901696575,7.394040992949158,1072.3900840093847,123.02330840146112
1791485112,60,,Aggregated,239.900000,0.000000,95,140,180,200,310,410,570,680,940,980,980,6876,0,77,111.259774339702,2.03758297720924,1072.3900840093847,114.82431646305992
1791485113,60,GET,GET /health,36.300000,0.000000,53,80,97,110,170,240,320,360,380,380,380,1159,0,40,60.616446273035564,2.03758297720924,507.3952079983428,73.0
1791485113,60,POST,POST /v1/predict,193.500000,0.000000,110,160,190,220,330,440,610,690,960,980,980,5953,0,87,121.38940893960591,7.394040992949158,1072.3900840093847,123.02502939694271
1791485113,60,,Aggregated,229.800000,0.000000,98,140,180,210,310,410,570,680,940,980,980,7112,0,78,111.48560357816679,2.03758297720924,1072.3900840093847,114.87275028121485
1791485114,60,GET,GET /health,36.700000,0.000000,57,81,110,120,180,240,310,340,360,360,360,1191,0,41,61.68518736146724,2.03758297720924,507.3952079983428,73.0
1791485114,60,POST,POST /v1/predict,189.500000,0.000000,120,160,210,240,340,450,570,690,960,980,980,6111,0,88,123.43334004379459,7.394040992949158,1072.3900840093847,123.03076419571265
1791485114,60,,Aggregated,226.200000,0.000000,100,150,190,220,320,420,550,650,940,980,980,7302,0,79,113.36184595386692,2.03758297720924,1072.3900840093847,114.87044645302657
1791485115,60,GET,GET /health,36.400000,0.000000,62,87,120,140,200,260,340,360,440,440,440,1213,0,41,63.68774325263522,2.03758297720924,507.3952079983428,73.0
1791485115,60,POST,POST /v1/predict,191.500000,0.000000,130,180,230,260,360,450,580,690,960,980,980,6247,0,90,126.97407278882633,7.394040992949158,1072.3900840093847,123.04161997758925
1791485115,60,,Aggregated,227.900000,0.000000,120,170,210,240,340,430,550,650,940,980,980,7460,0,80,116.6836816725529,2.03758297720924,1072.3900840093847,114.90482573726541
1791485116,60,GET,GET /health,35.900000,0.000000,65,94,120,150,220,310,380,500,710,710,710,1223,0,42,65.40515735115855,2.03758297720924,710.7425410067663,73.0
1791485116,60,POST,POST /v1/predict,187.700000,0.000000,140,190,240,270,390,490,620,740,960,980,980,6306,0,91,128.39004781810212,7.394040992949158,1072.3900840093847,123.04567078972407
1791485116,60,,Aggregated,223.600000,0.000000,120,180,220,250,370,470,610,710,960,980,980,7529,0,81,118.1588722249195,2.03758297720924,1072.3900840093847,114.91632354894408
1791485117,60,GET,GET /health,34.800000,0.000000,66,97,130,150,240,340,500,630,860,860,860,1237,0,42,66.93157280960253,2.03758297720924,857.6480000047013,73.0
1791485117,60,POST,POST /v1/predict,182.900000,0.000000,140,210,270,320,470,680,1000,1300,1500,1700,1700,6427,0,92,137.28941517640922,7.394040992949158,1696.4846669870894,123.05601369223588
1791485117,60,,Aggregated,217.700000,0.000000,130,190,250,300,440,640,940,1300,1500,1700,1700,7664,0,82,125.93338033719473,2.03758297720924,1696.4846669870894,114.9767745302714
1791485118,60,GET,GET /health,32.900000,0.000000,74,110,150,160,260,360,500,630,860,860,860,1263,0,43,68.55586848644981,2.03758297720924,857.6480000047013,73.0
1791485118,60,POST,POST /v1/predict,176.200000,0.000000,150,220,290,340,490,700,1000,1300,1500,1700,1700,6537,0,93,139.1401962237805,7.394040992949158,1696.4846669870894,123.06195502524093
1791485118,60,,Aggregated,209.100000,0.000000,140,210,260,320,470,650,960,1300,1500,1700,1700,7800,0,83,127.71096469400501,2.03758297720924,1696.4846669870894,114.95576923076923
1791485119,60,GET,GET /health,29.600000,0.000000,77,120,150,170,340,400,500,630,860,860,860,1297,0,43,71.09292368653195,2.03758297720924,857.6480000047013,73.0
1791485119,60,POST,POST /v1/predict,158.300000,0.000000,160,230,300,360,520,720,1000,1300,1500,1700,1700,6692,0,95,141.9159267977959,7.394040992949158,1696.4846669870894,123.07008368200837
1791485119,60,,Aggregated,187.900000,0.000000,140,210,280,330,490,670,980,1300,1500,1700,1700,7989,0,85,130.41793768334986,2.03758297720924,1696.4846669870894,114.94129427963449
1791485120,60,GET,GET /health,27.900000,0.000000,78,130,160,190,340,420,630,700,860,860,860,1335,0,44,73.54007807821,2.03758297720924,857.6480000047013,73.0
1791485120,60,POST,POST /v1/predict,153.900000,0.000000,150,240,310,370,560,750,1000,1300,1500,1700,1700,6838,0,95,143.64169131543406,7.394040992949158,1696.4846669870894,123.07355952032758
1791485120,60,,Aggregated,181.800000,0.000000,140,220,290,340,520,700,960,1300,1500,1700,1700,8173,0,85,132.19110356654207,2.03758297720924,1696.4846669870894,114.89440841796159
1791485121,60,GET,GET /health,27.800000,0.000000,78,130,160,190,360,440,630,700,860,860,860,1361,0,44,73.93380475931401,2.03758297720924,857.6480000047013,73.0
1791485121,60,POST,POST /v1/predict,148.400000,0.000000,150,240,300,360,510,680,1000,1300,1500,1700,1700,7032,0,95,144.36622070705104,7.394040992949158,1696.4846669870894,123.0773606370876
1791485121,60,,Aggregated,176.200000,0.000000,140,220,280,340,490,660,940,1300,1500,1700,1700,8393,0,85,132.94497465619077,2.03758297720924,1696.4846669870894,114.95686881925414
1791485122,60,GET,GET /health,27.000000,0.000000,82,150,180,210,380,500,690,750,860,860,860,1394,0,44,75.7785105117698,2.03758297720924,857.6480000047013,73.0
1791485122,60,POST,POST /v1/predict,142.700000,0.000000,170,260,330,390,550,790,1000,1300,1500,1700,1700,7187,0,95,145.31091778724004,7.394040992949158,1696.4846669870894,123.07875330457772
1791485122,60,,Aggregated,169.700000,0.000000,150,240,310,370,530,730,960,1300,1500,1700,1700,8581,0,85,134.01524411960162,2.03758297720924,1696.4846669870894,114.94336324437711
1791485123,60,GET,GET /health,28.200000,0.000000,88,150,180,230,400,540,690,750,860,860,860,1435,0,44,77.11153346783553,2.03758297720924,857.6480000047013,73.0
1791485123,60,POST,POST /v1/predict,150.300000,0.000000,160,270,350,410,560,790,1000,1300,1500,1700,1700,7366,0,96,145.93902652605723,7.394040992949158,1696.4846669870894,123.08172685310888
1791485123,60,,Aggregated,178.500000,0.000000,150,250,330,390,540,730,960,1300,1500,1700,1700,8801,0,86,134.71672763518708,2.03758297720924,1696.4846669870894,114.91591864560846
1791485124,60,GET,GET /health,27.000000,0.000000,66,140,170,210,370,480,690,750,860,860,860,1487,0,43,76.25517579309596,2.03758297720924,857.6480000047013,73.0
1791485124,60,POST,POST /v1/predict,146.400000,0.000000,140,240,320,380,550,780,1000,1300,1500,1700,1700,7567,0,95,145.606441007401,7.394040992949158,1696.4846669870894,123.08537068851592
1791485124,60,,Aggregated,173.400000,0.000000,130,210,300,350,520,720,960,1300,1500,1700,1700,9054,0,85,134.21641103460757,2.03758297720924,1696.4846669870894,114.85950960901259
1791485125,60,GET,GET /health,26.700000,0.000000,61,120,160,190,360,480,690,750,860,860,860,1519,0,44,76.32556856966868,2.03758297720924,857.6480000047013,73.0
1791485125,60,POST,POST /v1/predict,142.100000,0.000000,120,210,290,330,510,750,1000,1300,1500,1700,1700,7774,0,96,145.43566553844573,7.394040992949158,1696.4846669870894,123.0886287625418
1791485125,60,,Aggregated,168.800000,0.000000,110,190,260,320,490,700,930,1300,1500,1700,1700,9293,0,85,134.13918030272288,2.03758297720924,1696.4846669870894,114.90132357688583
1791485126,60,GET,GET /health,28.600000,0.000000,61,110,150,170,320,410,590,690,780,780,780,1549,0,44,76.94376155862126,2.03758297720924,857.6480000047013,73.0
1791485126,60,POST,POST /v1/predict,142.800000,0.000000,130,210,270,320,460,600,890,1300,1500,1700,1700,7900,0,97,146.5798387109837,7.394040992949158,1696.4846669870894,123.0932911392405
1791485126,60,,Aggregated,171.400000,0.000000,110,190,250,300,440,580,850,1300,1500,1700,1700,9449,0,86,135.164209172513,2.03758297720924,1696.4846669870894,114.88136310720711
1791485127,60,GET,GET /health,30.400000,0.000000,63,110,150,180,340,410,590,690,780,780,780,1572,0,45,77.80878455489199,2.03758297720924,857.6480000047013,73.0
1791485127,60,POST,POST /v1/predict,148.000000,0.000000,130,200,260,310,440,550,680,820,930,960,960,8055,0,98,148.36659897413278,7.394040992949158,1696.4846669870894,123.09931719428926
1791485127,60,,Aggregated,178.400000,0.000000,120,190,240,300,420,540,670,790,930,960,960,9627,0,87,136.84516090754437,2.03758297720924,1696.4846669870894,114.918562376649
1791485128,60,GET,GET /health,31.200000,0.000000,61,100,140,170,240,410,590,690,780,780,780,1604,0,45,78.84276560308851,2.03758297720924,857.6480000047013,73.0
1791485128,60,POST,POST /v1/predict,152.600000,0.000000,120,190,250,300,430,540,760,840,930,960,960,8196,0,99,150.3293092098198,7.394040992949158,1696.4846669870894,123.10468521229868
1791485128,60,,Aggregated,183.800000,0.000000,110,180,240,270,420,530,730,820,930,960,960,9800,0,89,138.62885860316706,2.03758297720924,1696.4846669870894,114.90387755102041
1791485129,60,GET,GET /health,32.800000,0.000000,59,96,140,170,270,440,590,690,780,780,780,1647,0,45,79.28269147623696,2.03758297720924,857.6480000047013,73.0
1791485129,60,POST,POST /v1/predict,164.500000,0.000000,120,190,240,300,440,550,750,830,930,960,960,8393,0,99,150.75329671010144,7.394040992949158,1696.4846669870894,123.1054450137019
1791485129,60,,Aggregated,197.300000,0.000000,110,170,230,270,420,540,730,820,920,960,960,10040,0,89,139.02898527382905,2.03758297720924,1696.4846669870894,114.8859561752988
1791485130,60,GET,GET /health,33.300000,0.000000,60,95,130,150,230,340,540,590,780,780,780,1679,0,46,79.28181069227325,2.03758297720924,857.6480000047013,73.0
1791485130,60,POST,POST /v1/predict,163.000000,0.000000,130,190,240,290,420,510,660,820,930,960,960,8553,0,100,151.30805352774033,7.394040992949158,1696.4846669870894,123.10721384309599
1791485130,60,,Aggregated,196.300000,0.000000,110,170,220,260,410,490,640,800,930,960,960,10232,0,89,139.48904827747162,2.03758297720924,1696.4846669870894,114.88496872556685
1791485131,60,GET,GET /health,33.900000,0.000000,59,92,120,150,240,340,540,590,780,780,780,1710,0,46,79.5588215335806,2.03758297720924,857.6480000047013,73.0
1791485131,60,POST,POST /v1/predict,167.100000,0.000000,120,190,240,300,430,520,670,820,930,960,960,8711,0,100,151.91994342739366,7.394040992949158,1696.4846669870894,123.10940190563655
1791485131,60,,Aggregated,201.000000,0.000000,110,170,220,260,420,510,640,800,930,960,960,10421,0,90,140.04608118399858,2.03758297720924,1696.4846669870894,114.88686306496497
1791485132,60,GET,GET /health,34.800000,0.000000,57,91,110,150,220,280,410,460,550,550,550,1733,0,46,79.7115664964956,2.03758297720924,857.6480000047013,73.0
1791485132,60,POST,POST /v1/predict,171.700000,0.000000,130,200,250,300,430,500,620,670,880,910,910,8854,0,100,152.70840259001073,7.394040992949158,1696.4846669870894,123.11305624576462
1791485132,60,,Aggregated,206.500000,0.000000,110,180,230,270,410,490,600,640,880,910,910,10587,0,90,140.75945416741118,2.03758297720924,1696.4846669870894,114.90998394257107
1791485133,60,GET,GET /health,34.400000,0.000000,64,95,120,150,240,330,440,540,560,560,560,1758,0,46,80.11045683360345,2.03758297720924,857.6480000047013,73.0
1791485133,60,POST,POST /v1/predict,168.700000,0.000000,130,210,280,320,470,610,750,900,1100,1100,1100,8991,0,100,156.0149000614137,7.394040992949158,1696.4846669870894,123.11733956178401
1791485133,60,,Aggregated,203.100000,0.000000,120,190,250,300,450,560,740,860,1100,1100,1100,10749,0,90,143.60072095689324,2.03758297720924,1696.4846669870894,114.92064378081682
1791485134,60,GET,GET /health,34.300000,0.000000,59,91,110,150,260,330,460,540,560,560,560,1800,0,45,79.89927712355792,2.03758297720924,857.6480000047013,73.0
1791485134,60,POST,POST /v1/predict,170.800000,0.000000,130,210,300,350,500,620,770,900,1100,1100,1100,9172,0,100,156.40453763662455,7.394040992949158,1696.4846669870894,123.11676842564326
1791485134,60,,Aggregated,205.100000,0.000000,120,190,260,310,480,600,750,860,1100,1100,1100,10972,0,90,143.85354703112694,2.03758297720924,1696.4846669870894,114.89491432737879
1791485135,60,GET,GET /health,32.600000,0.000000,57,91,110,150,260,330,460,520,560,560,560,1849,0,45,79.90886226025125,2.03758297720924,857.6480000047013,73.0
1791485135,60,POST,POST /v1/predict,161.200000,0.000000,130,210,300,360,500,620,770,900,1100,1100,1100,9373,0,100,155.73840715246342,7.394040992949158,1696.4846669870894,123.11511789181692
1791485135,60,,Aggregated,193.800000,0.000000,110,180,260,320,480,590,740,860,1100,1100,1100,11222,0,89,143.2443037390166,2.03758297720924,1696.4846669870894,114.85786847264302
1791485136,60,GET,GET /health,31.400000,0.000000,56,84,110,140,230,310,450,520,560,560,560,1890,0,46,79.79011123660563,2.03758297720924,857.6480000047013,73.0
1791485136,60,POST,POST /v1/predict,161.200000,0.000000,120,170,240,300,470,610,750,880,1100,1100,1100,9586,0,100,154.94067407613767,7.394040992949158,1696.4846669870894,123.11412476528271
1791485136,60,,Aggregated,192.600000,0.000000,100,160,220,260,440,560,740,850,1100,1100,1100,11476,0,90,142.5640128904706,2.03758297720924,1696.4846669870894,114.8607528755664
1791485137,60,GET,GET /health,31.300000,0.000000,51,75,98,110,220,290,400,520,560,560,560,1943,0,46,79.28537720444311,2.03758297720924,857.6480000047013,73.0
1791485137,60,POST,POST /v1/predict,158.500000,0.000000,110,160,220,260,460,580,740,860,1100,1100,1100,9767,0,100,154.22652059630602,7.394040992949158,1696.4846669870894,123.11385276953006
1791485137,60,,Aggregated,189.800000,0.000000,97,140,190,230,420,540,700,820,1100,1100,1100,11710,0,90,141.79179458346317,2.03758297720924,1696.4846669870894,114.79863364645603
1791485138,60,GET,GET /health,33.500000,0.000000,47,72,91,110,210,280,340,460,560,560,560,1985,0,46,78.93848007464821,2.03758297720924,857.6480000047013,73.0
1791485138,60,POST,POST /v1/predict,162.400000,0.000000,110,150,200,230,410,530,710,820,1100,1100,1100,10000,0,100,153.51194096217222,7.394040992949158,1696.4846669870894,123.1108
1791485138,60,,Aggregated,195.900000,0.000000,94,140,180,220,360,510,680,790,1100,1100,1100,11985,0,90,141.16080872506458,2.03758297720924,1696.4846669870894,114.81126408010013
1791485139,60,GET,GET /health,35.900000,0.000000,48,72,91,110,180,260,340,460,560,560,560,2022,0,46,78.83051392639219,2.03758297720924,857.6480000047013,73.0
1791485139,60,POST,POST /v1/predict,166.800000,0.000000,110,150,190,230,380,530,700,820,1100,1100,1100,10197,0,100,153.36127262467642,7.394040992949158,1696.4846669870894,123.11287633617731
1791485139,60,,Aggregated,202.700000,0.000000,96,140,180,210,330,500,670,780,1100,1100,1100,12219,0,91,141.02792340723386,2.03758297720924,1696.4846669870894,114.82019805221377
1791485140,60,GET,GET /health,37.800000,0.000000,49,74,92,110,180,260,340,460,560,560,560,2058,0,47,79.04381853029341,2.03758297720924,857.6480000047013,73.0
1791485140,60,POST,POST /v1/predict,174.900000,0.000000,110,150,190,220,330,510,700,820,1100,1100,1100,10372,0,100,153.44434047539548,7.394040992949158,1696.4846669870894,123.11415349016583
1791485140,60,,Aggregated,212.700000,0.000000,99,140,180,210,310,470,670,780,1100,1100,1100,12430,0,91,141.1260561501324,2.03758297720924,1696.4846669870894,114.81689460981497
1791485141,60,GET,GET /health,38.100000,0.000000,51,74,93,110,180,260,340,450,560,560,560,2081,0,47,79.45208364985422,2.03758297720924,857.6480000047013,73.0
1791485141,60,POST,POST /v1/predict,179.500000,0.000000,120,160,200,220,320,470,690,820,1100,1100,1100,10530,0,100,154.3220580602789,7.394040992949158,1696.4846669870894,123.11747388414055
1791485141,60,,Aggregated,217.600000,0.000000,100,140,180,210,310,440,650,780,1100,1100,1100,12611,0,92,141.96741396004148,2.03758297720924,1696.4846669870894,114.84735548330822
1791485142,60,GET,GET /health,38.200000,0.000000,53,74,91,110,160,240,340,450,560,560,560,2128,0,47,79.22202321916623,2.03758297720924,857.6480000047013,73.0
1791485142,60,POST,POST /v1/predict,180.900000,0.000000,110,150,190,210,290,410,640,770,1100,1100,1100,10751,0,100,153.55339993208835,7.394040992949158,1696.4846669870894,123.11561715189285
1791485142,60,,Aggregated,219.100000,0.000000,100,140,170,200,280,390,590,750,1100,1100,1100,12879,0,92,141.2716102244171,2.03758297720924,1696.4846669870894,114.8350027176023
1791485143,60,GET,GET /health,37.600000,0.000000,53,76,91,110,150,230,300,340,520,520,520,2177,0,47,78.82418478839367,2.03758297720924,857.6480000047013,73.0
1791485143,60,POST,POST /v1/predict,180.100000,0.000000,110,150,180,200,270,330,430,530,770,790,790,10959,0,100,152.98666002926126,7.394040992949158,1696.4846669870894,123.11524774158227
1791485143,60,,Aggregated,217.700000,0.000000,100,140,160,190,250,320,420,510,740,790,790,13136,0,92,140.6958783149366,2.03758297720924,1696.4846669870894,114.80975943970768
1791485144,60,GET,GET /health,38.100000,0.000000,54,77,92,110,150,200,240,260,380,380,380,2224,0,47,78.50722950062597,2.03758297720924,857.6480000047013,73.0
1791485144,60,POST,POST /v1/predict,182.000000,0.000000,110,140,170,190,240,290,350,390,450,500,500,11172,0,100,152.09525771853865,7.394040992949158,1696.4846669870894,123.11206587898317
1791485144,60,,Aggregated,220.100000,0.000000,100,130,160,180,230,280,340,380,450,500,500,13396,0,93,139.87819480747282,2.03758297720924,1696.4846669870894,114.79247536578083
1791485145,60,GET,GET /health,40.100000,0.000000,54,77,93,110,150,210,260,290,380,380,380,2263,0,47,78.54114289277861,2.03758297720924,857.6480000047013,73.0
1791485145,60,POST,POST /v1/predict,194.300000,0.000000,120,150,180,190,240,290,340,380,450,450,450,11369,0,100,151.70694687137046,7.394040992949158,1696.4846669870894,123.11205910810098
1791485145,60,,Aggregated,234.400000,0.000000,110,140,170,180,230,280,330,370,440,450,450,13632,0,93,139.5609510964619,2.03758297720924,1696.4846669870894,114.7931338028169
1791485146,60,GET,GET /health,41.900000,0.000000,56,81,100,120,150,200,230,290,380,380,380,2288,0,48,78.88239774186147,2.03758297720924,857.6480000047013,73.0
1791485146,60,POST,POST /v1/predict,197.000000,0.000000,120,150,180,200,250,300,360,390,450,450,450,11549,0,110,151.99485587651156,7.394040992949158,1696.4846669870894,123.11394925967616
1791485146,60,,Aggregated,238.900000,0.000000,110,140,170,190,240,290,350,380,440,450,450,13837,0,94,139.9054359002104,2.03758297720924,1696.4846669870894,114.82741923827419
1791485147,60,GET,GET /health,42.200000,0.000000,58,81,100,120,160,200,230,290,340,340,340,2319,0,48,78.64895441283043,2.03758297720924,857.6480000047013,73.0
1791485147,60,POST,POST /v1/predict,201.200000,0.000000,120,150,180,200,250,300,350,380,450,450,450,11760,0,110,151.51183613791105,7.394040992949158,1696.4846669870894,123.1139455782313
1791485147,60,,Aggregated,243.400000,0.000000,110,140,170,190,240,290,340,370,440,450,450,14079,0,94,139.51034294091824,2.03758297720924,1696.4846669870894,114.8595070672633
1791485148,60,GET,GET /health,40.400000,0.000000,59,80,98,110,160,200,230,290,340,340,340,2368,0,48,78.45394573112915,2.03758297720924,857.6480000047013,73.0
1791485148,60,POST,POST /v1/predict,194.800000,0.000000,120,150,180,200,250,310,360,380,450,450,450,11966,0,110,151.27863893098015,7.394040992949158,1696.4846669870894,123.11281965569113
1791485148,60,,Aggregated,235.200000,0.000000,110,140,170,190,240,290,340,380,440,450,450,14334,0,95,139.24788174545992,2.03758297720924,1696.4846669870894,114.83410073950049
1791485149,60,GET,GET /health,38.200000,0.000000,55,80,96,110,160,200,230,290,340,340,340,2411,0,48,78.1094779611296,2.03758297720924,857.6480000047013,73.0
1791485149,60,POST,POST /v1/predict,197.800000,0.000000,120,150,180,200,250,300,360,380,450,450,450,12156,0,110,150.9098320066058,7.394040992949158,1696.4846669870894,123.11286607436656
1791485149,60,,Aggregated,236.000000,0.000000,110,140,170,190,240,290,340,380,430,450,450,14567,0,95,138.8605662961889,2.03758297720924,1696.4846669870894,114.8186311526052
1791485150,60,GET,GET /health,37.300000,0.000000,54,80,96,120,160,220,290,320,340,340,340,2436,0,48,78.64213214463372,2.03758297720924,857.6480000047013,73.0
1791485150,60,POST,POST /v1/predict,197.400000,0.000000,120,150,180,200,270,330,410,470,710,710,710,12305,0,110,151.88916030137483,7.394040992949158,1696.4846669870894,123.1156440471353
1791485150,60,,Aggregated,234.700000,0.000000,110,140,170,190,250,320,390,460,700,710,710,14741,0,95,139.78484169410115,2.03758297720924,1696.4846669870894,114.83386473102232
1791485151,60,GET,GET /health,38.300000,0.000000,50,73,92,110,170,220,290,300,420,420,420,2472,0,47,78.45892370809875,2.03758297720924,857.6480000047013,73.0
1791485151,60,POST,POST /v1/predict,195.300000,0.000000,120,150,180,200,260,320,430,530,710,710,710,12492,0,110,151.8746622210069,7.394040992949158,1696.4846669870894,123.1170349023375
1791485151,60,,Aggregated,233.600000,0.000000,110,140,170,190,250,310,410,520,700,710,710,14964,0,95,139.7466412637823,2.03758297720924,1696.4846669870894,114.83787757284149
1791485152,60,GET,GET /health,38.000000,0.000000,47,72,98,120,180,230,300,320,420,420,420,2506,0,47,78.69402453846298,2.03758297720924,857.6480000047013,73.0
1791485152,60,POST,POST /v1/predict,193.500000,0.000000,120,150,180,210,280,370,520,570,710,740,740,12656,0,110,152.39405853294159,7.394040992949158,1696.4846669870894,123.11780973451327
1791485152,60,,Aggregated,231.500000,0.000000,110,140,170,200,270,350,490,550,710,740,740,15162,0,95,140.2127971432724,2.03758297720924,1696.4846669870894,114.8342566943675
1791485153,60,GET,GET /health,38.600000,0.000000,50,80,100,130,190,270,300,340,520,520,520,2536,0,48,78.86484923482577,2.03758297720924,857.6480000047013,73.0
1791485153,60,POST,POST /v1/predict,195.900000,0.000000,120,160,190,210,300,390,530,590,710,740,740,12823,0,110,152.78523578731588,7.394040992949158,1696.4846669870894,123.11916088278873
1791485153,60,,Aggregated,234.500000,0.000000,110,150,180,200,280,380,520,570,710,740,740,15359,0,96,140.57987734619894,2.03758297720924,1696.4846669870894,114.84373982681164
1791485154,60,GET,GET /health,38.700000,0.000000,53,83,120,140,200,280,340,420,540,540,540,2569,0,48,79.32116521973336,2.03758297720924,857.6480000047013,73.0
1791485154,60,POST,POST /v1/predict,193.700000,0.000000,130,170,210,240,350,470,620,680,880,920,920,12989,0,110,153.92903857130582,7.394040992949158,1696.4846669870894,123.1217183770883
1791485154,60,,Aggregated,232.400000,0.000000,120,160,200,220,320,450,590,670,850,920,920,15558,0,96,141.60948421726368,2.03758297720924,1696.4846669870894,114.84541714873377
1791485155,60,GET,GET /health,38.100000,0.000000,50,76,100,130,200,280,340,420,540,540,540,2601,0,48,79.18943438076941,2.03758297720924,857.6480000047013,73.0
1791485155,60,POST,POST /v1/predict,190.900000,0.000000,120,160,200,230,340,470,610,680,880,920,920,13211,0,110,153.29093642357827,7.394040992949158,1696.4846669870894,123.12042994474302
1791485155,60,,Aggregated,229.000000,0.000000,110,150,190,210,310,450,590,660,850,920,920,15812,0,96,141.10158613181605,2.03758297720924,1696.4846669870894,114.87585378193776
1791485156,60,GET,GET /health,34.500000,0.000000,45,69,96,120,190,280,340,420,540,540,540,2637,0,48,78.6696074885953,2.03758297720924,857.6480000047013,73.0
1791485156,60,POST,POST /v1/predict,181.100000,0.000000,110,150,190,220,330,470,610,680,880,920,920,13427,0,110,152.45018899798413,7.394040992949158,1696.4846669870894,123.11856706635884
1791485156,60,,Aggregated,215.600000,0.000000,100,140,180,210,300,450,590,660,850,920,920,16064,0,95,140.33867297207155,2.03758297720924,1696.4846669870894,114.89130976095618
1791485157,60,GET,GET /health,34.300000,0.000000,43,67,95,110,190,290,390,460,540,540,540,2664,0,47,78.79292504596607,2.03758297720924,857.6480000047013,73.0
1791485157,60,POST,POST /v1/predict,179.900000,0.000000,110,150,190,220,360,520,620,680,880,920,920,13603,0,110,152.6029547040965,7.394040992949158,1696.4846669870894,123.11857678453282
1791485157,60,,Aggregated,214.200000,0.000000,96,140,180,210,340,490,610,680,850,920,920,16267,0,95,140.51529754486242,2.03758297720924,1696.4846669870894,114.91080100817607
1791485158,60,GET,GET /health,34.900000,0.000000,45,68,100,130,230,310,390,460,540,540,540,2693,0,48,79.150689251193,2.03758297720924,857.6480000047013,73.0
1791485158,60,POST,POST /v1/predict,186.400000,0.000000,110,160,200,240,410,530,640,690,880,920,920,13763,0,110,153.16784785036884,7.394040992949158,1696.4846669870894,123.12054057981544
1791485158,60,,Aggregated,221.300000,0.000000,98,150,190,220,380,510,620,680,850,920,920,16456,0,95,141.05504959395287,2.03758297720924,1696.4846669870894,114.91838842975207
1791485159,60,GET,GET /health,35.400000,0.000000,46,75,110,130,210,310,420,460,540,540,540,2717,0,48,79.12097133215636,2.03758297720924,857.6480000047013,73.0
1791485159,60,POST,POST /v1/predict,186.400000,0.000000,110,160,200,260,450,540,650,700,880,920,920,13934,0,110,153.7124430504274,7.394040992949158,1696.4846669870894,123.12164489737333
1791485159,60,,Aggregated,221.800000,0.000000,100,150,190,230,410,530,640,690,850,920,920,16651,0,96,141.54110026869992,2.03758297720924,1696.4846669870894,114.94312653894661
1791485160,60,GET,GET /health,33.900000,0.000000,44,72,100,130,200,320,440,480,650,650,650,2753,0,47,79.36001468922046,2.03758297720924,857.6480000047013,73.0
1791485160,60,POST,POST /v1/predict,181.900000,0.000000,110,160,200,240,450,550,680,740,880,920,920,14103,0,110,154.0687584382605,7.394040992949158,1696.4846669870894,123.12160533219883
1791485160,60,,Aggregated,215.800000,0.000000,98,150,180,220,410,540,660,720,870,920,920,16856,0,96,141.8669803449342,2.03758297720924,1696.4846669870894,114.93551257712387
1791485161,60,GET,GET /health,31.400000,0.000000,46,75,100,140,230,320,440,480,650,650,650,2794,0,47,79.27037303990707,2.03758297720924,857.6480000047013,73.0
1791485161,60,POST,POST /v1/predict,177.900000,0.000000,110,150,200,240,450,550,670,730,880,920,920,14318,0,110,153.87071163395117,7.394040992949158,1696.4846669870894,123.1199189830982
1791485161,60,,Aggregated,209.300000,0.000000,96,140,180,220,410,540,650,720,870,920,920,17112,0,95,141.69017481582605,2.03758297720924,1696.4846669870894,114.9364773258532
1791485162,60,GET,GET /health,30.500000,0.000000,44,66,92,110,180,310,430,460,650,650,650,2834,0,47,78.9783287256466,2.03758297720924,857.6480000047013,73.0
1791485162,60,POST,POST /v1/predict,178.400000,0.000000,98,150,190,230,410,540,670,730,880,920,920,14518,0,110,153.57442031821657,7.394040992949158,1696.4846669870894,123.11916241906599
1791485162,60,,Aggregated,208.900000,0.000000,89,130,170,210,390,520,640,710,870,920,920,17352,0,95,141.39107986332152,2.03758297720924,1696.4846669870894,114.93349469801753
1791485163,60,GET,GET /health,30.900000,0.000000,44,66,92,110,170,290,430,460,650,650,650,2868,0,47,78.87406877077919,2.03758297720924,857.6480000047013,73.0
1791485163,60,POST,POST /v1/predict,179.700000,0.000000,97,140,180,220,400,530,640,720,880,920,920,14717,0,110,153.49849923896224,7.394040992949158,1696.4846669870894,123.11992933342393
1791485163,60,,Aggregated,210.600000,0.000000,89,130,170,210,380,510,640,710,870,920,920,17585,0,95,141.32773628287765,2.03758297720924,1696.4846669870894,114.94569235143588
1791485164,60,GET,GET /health,31.600000,0.000000,44,66,92,110,180,290,390,440,650,650,650,2889,0,47,79.02277744082902,2.03758297720924,857.6480000047013,73.0
1791485164,60,POST,POST /v1/predict,183.000000,0.000000,100,150,190,230,380,500,610,680,810,870,870,14855,0,110,153.86298929948225,7.394040992949158,1696.4846669870894,123.12170986199932
1791485164,60,,Aggregated,214.600000,0.000000,93,140,170,210,360,480,590,660,790,870,870,17744,0,95,141.67783532858243,2.03758297720924,1696.4846669870894,114.96111361587015
1791485165,60,GET,GET /health,32.300000,0.000000,49,77,110,130,230,340,430,460,650,650,650,2927,0,48,79.8571477712356,2.03758297720924,857.6480000047013,73.0
1791485165,60,POST,POST /v1/predict,184.800000,0.000000,110,160,220,270,420,520,610,680,810,870,870,15021,0,110,154.88810218772008,7.394040992949158,1696.4846669870894,123.12422608348312
1791485165,60,,Aggregated,217.100000,0.000000,99,150,200,250,400,500,600,660,790,870,870,17948,0,96,142.651886254076,2.03758297720924,1696.4846669870894,114.94985513706263
1791485166,60,GET,GET /health,33.600000,0.000000,57,93,130,150,260,360,430,460,650,650,650,2956,0,48,80.72071805494272,2.03758297720924,857.6480000047013,73.0
1791485166,60,POST,POST /v1/predict,192.700000,0.000000,120,180,260,320,430,530,620,690,810,870,870,15151,0,110,155.65689892896796,7.394040992949158,1696.4846669870894,123.1247442413042
1791485166,60,,Aggregated,226.300000,0.000000,110,170,230,290,420,510,610,680,810,870,870,18107,0,97,143.42343393401512,2.03758297720924,1696.4846669870894,114.9417904677749
1791485167,60,GET,GET /health,32.100000,0.000000,62,96,130,150,240,320,420,440,650,650,650,2998,0,49,80.83999333903776,2.03758297720924,857.6480000047013,73.0
1791485167,60,POST,POST /v1/predict,185.500000,0.000000,130,190,240,290,410,500,600,680,810,870,870,15339,0,110,155.8097987430556,7.394040992949158,1696.4846669870894,123.12562748549449
1791485167,60,,Aggregated,217.600000,0.000000,120,170,230,270,390,480,580,650,790,870,870,18337,0,97,143.55264235971924,2.03758297720924,1696.4846669870894,114.93035938266893
1791485168,60,GET,GET /health,31.800000,0.000000,57,88,120,140,220,320,420,440,650,650,650,3031,0,49,80.7028004336038,2.03758297720924,857.6480000047013,73.0
1791485168,60,POST,POST /v1/predict,180.000000,0.000000,130,190,240,280,390,470,590,660,810,870,870,15525,0,110,156.0363665408537,7.394040992949158,1696.4846669870894,123.127922705314
1791485168,60,,Aggregated,211.800000,0.000000,120,170,230,260,370,460,570,640,790,870,870,18556,0,98,143.7311262481684,2.03758297720924,1696.4846669870894,114.93985772795861
1791485169,60,GET,GET /health,31.000000,0.000000,59,91,120,150,230,320,420,440,650,650,650,3070,0,49,80.7616108821793,2.03758297720924,857.6480000047013,73.0
1791485169,60,POST,POST /v1/predict,172.000000,0.000000,130,200,250,280,380,460,550,610,780,790,790,15702,0,110,156.18003727490694,7.394040992949158,1696.4846669870894,123.12966501082664
1791485169,60,,Aggregated,203.000000,0.000000,120,170,230,260,370,440,530,600,770,790,790,18772,0,98,143.8459988652719,2.03758297720924,1696.4846669870894,114.9313871723844
1791485170,60,GET,GET /health,33.700000,0.000000,64,93,120,140,210,260,380,400,500,500,500,3101,0,49,80.79491722775471,2.03758297720924,857.6480000047013,73.0
1791485170,60,POST,POST /v1/predict,173.500000,0.000000,140,200,240,280,360,420,500,540,630,660,660,15873,0,110,156.2744662498271,7.394040992949158,1696.4846669870894,123.13148113148114
1791485170,60,,Aggregated,207.200000,0.000000,120,180,230,260,350,410,480,530,620,660,660,18974,0,98,143.93852857103283,2.03758297720924,1696.4846669870894,114.93828396753452
1791485171,60,GET,GET /health,34.300000,0.000000,70,100,130,150,210,310,390,430,610,610,610,3129,0,49,81.207583996556,2.03758297720924,857.6480000047013,73.0
1791485171,60,POST,POST /v1/predict,176.200000,0.000000,150,220,260,290,360,430,520,580,800,860,860,16035,0,110,156.9891091590493,7.394040992949158,1696.4846669870894,123.133208606174
1791485171,60,,Aggregated,210.500000,0.000000,140,190,240,270,350,420,510,580,800,860,860,19164,0,99,144.61588894231804,2.03758297720924,1696.4846669870894,114.94771446462117
1791485172,60,GET,GET /health,35.200000,0.000000,67,100,130,150,220,310,390,430,610,610,610,3168,0,49,80.82941871723942,2.03758297720924,857.6480000047013,73.0
1791485172,60,POST,POST /v1/predict,175.700000,0.000000,150,210,250,290,360,430,520,580,800,860,860,16245,0,110,156.6258679262107,7.394040992949158,1696.4846669870894,123.13271775931055
1791485172,60,,Aggregated,210.900000,0.000000,130,180,230,270,350,420,500,570,730,860,860,19413,0,99,144.25667454579457,2.03758297720924,1696.4846669870894,114.95157883892237
1791485173,60,GET,GET /health,34.700000,0.000000,69,100,130,150,220,310,390,430,610,610,610,3205,0,49,80.83093135606595,2.03758297720924,857.6480000047013,73.0
1791485173,60,POST,POST /v1/predict,172.900000,0.000000,140,210,250,280,360,430,520,580,800,860,860,16442,0,110,156.36333136964444,7.394040992949158,1696.4846669870894,123.13228317722904
1791485173,60,,Aggregated,207.600000,0.000000,130,180,230,260,350,410,500,570,730,860,860,19647,0,98,144.04178904544665,2.03758297720924,1696.4846669870894,114.9542423779712
1791485174,60,GET,GET /health,33.900000,0.000000,66,88,120,140,190,260,350,390,610,610,610,3252,0,49,80.62536121223233,2.03758297720924,857.6480000047013,73.0
1791485174,60,POST,POST /v1/predict,170.900000,0.000000,130,190,230,260,340,400,470,540,800,860,860,16635,0,110,156.08753550554007,7.394040992949158,1696.4846669870894,123.13134956417193
1791485174,60,,Aggregated,204.800000,0.000000,120,170,220,250,330,380,460,530,730,860,860,19887,0,98,143.7476657010531,2.03758297720924,1696.4846669870894,114.93367526524865
1791485175,60,GET,GET /health,33.400000,0.000000,57,83,110,120,170,240,350,390,610,610,610,3298,0,49,80.1782621007346,2.03758297720924,857.6480000047013,73.0
1791485175,60,POST,POST /v1/predict,171.700000,0.000000,130,170,220,250,330,380,460,530,800,860,860,16854,0,110,155.62558913317855,7.394040992949158,1696.4846669870894,123.13059214429809
1791485175,60,,Aggregated,205.100000,0.000000,120,160,200,230,320,370,440,510,730,860,860,20152,0,98,143.2781653264598,2.03758297720924,1696.4846669870894,114.92640928940055
1791485176,60,GET,GET /health,33.500000,0.000000,47,73,95,110,160,200,260,320,610,610,610,3347,0,48,79.648869035031,2.03758297720924,857.6480000047013,73.0
1791485176,60,POST,POST /v1/predict,170.400000,0.000000,120,160,200,230,310,360,430,500,800,860,860,17076,0,110,155.0118214138158,7.394040992949158,1696.4846669870894,123.12947997189038
1791485176,60,,Aggregated,203.900000,0.000000,110,150,180,210,290,350,410,490,730,860,860,20423,0,98,142.66105014554995,2.03758297720924,1696.4846669870894,114.91406747294717
1791485177,60,GET,GET /health,36.300000,0.000000,47,73,93,110,160,210,260,320,610,610,610,3384,0,48,79.69504933725734,2.03758297720924,857.6480000047013,73.0
1791485177,60,POST,POST /v1/predict,178.300000,0.000000,110,150,190,220,300,360,430,500,800,860,860,17281,0,110,154.7384367947431,7.394040992949158,1696.4846669870894,123.12933279324113
1791485177,60,,Aggregated,214.600000,0.000000,100,140,180,210,290,350,420,490,730,860,860,20665,0,98,142.44969625972584,2.03758297720924,1696.4846669870894,114.92039680619405
1791485178,60,GET,GET /health,36.500000,0.000000,49,77,93,110,160,200,240,310,610,610,610,3424,0,49,79.68370894488085,2.03758297720924,857.6480000047013,73.0
1791485178,60,POST,POST /v1/predict,182.600000,0.000000,120,160,190,220,290,350,420,500,800,860,860,17440,0,110,154.86605541857372,7.394040992949158,1696.4846669870894,123.13079128440367
1791485178,60,,Aggregated,219.100000,0.000000,110,140,180,200,270,330,410,480,730,860,860,20864,0,98,142.5278482518788,2.03758297720924,1696.4846669870894,114.90380559815951
1791485179,60,GET,GET /health,39.700000,0.000000,49,77,95,110,160,200,240,310,610,610,610,3466,0,49,79.66760777475454,2.03758297720924,857.6480000047013,73.0
1791485179,60,POST,POST /v1/predict,191.500000,0.000000,110,150,190,210,290,350,440,540,800,860,860,17635,0,110,154.82230177726086,7.394040992949158,1696.4846669870894,123.13081939325205
1791485179,60,,Aggregated,231.200000,0.000000,100,140,170,200,270,330,430,530,730,860,860,21101,0,98,142.47757074969414,2.03758297720924,1696.4846669870894,114.89645040519407
1791485180,60,GET,GET /health,38.300000,0.000000,49,73,92,110,160,200,240,310,610,610,610,3491,0,49,79.73271381304434,2.03758297720924,857.6480000047013,73.0
1791485180,60,POST,POST /v1/predict,193.300000,0.000000,110,160,190,210,300,360,460,540,800,860,860,17778,0,110,155.17495701411704,7.394040992949158,1696.4846669870894,123.13297333783328
1791485180,60,,Aggregated,231.600000,0.000000,100,140,180,200,280,340,430,530,730,860,860,21269,0,99,142.7921994319579,2.03758297720924,1696.4846669870894,114.90436785932577
1791485181,60,GET,GET /health,39.300000,0.000000,51,77,97,110,170,230,310,710,880,880,880,3500,0,49,80.94967541808728,2.03758297720924,875.9620420169085,73.0
1791485181,60,POST,POST /v1/predict,191.300000,0.000000,120,160,190,220,300,380,770,1100,1400,1500,1500,17818,0,110,157.1480258123244,7.394040992949158,1696.4846669870894,123.1348074980357
1791485181,60,,Aggregated,230.600000,0.000000,100,150,180,200,290,360,650,1100,1400,1500,1500,21318,0,99,144.63774218441245,2.03758297720924,1696.4846669870894,114.90364949807675
1791485182,60,GET,GET /health,39.700000,0.000000,57,82,100,130,190,270,650,790,1200,1200,1200,3516,0,50,82.26338019208154,2.03758297720924,1200.2491670136806,73.0
1791485182,60,POST,POST /v1/predict,194.200000,0.000000,120,170,210,240,340,560,1100,1300,1700,1900,1900,17900,0,110,159.32514346630958,7.394040992949158,1857.5797920057084,123.13765363128492
1791485182,60,,Aggregated,233.900000,0.000000,110,160,200,220,320,520,1000,1200,1700,1900,1900,21416,0,100,146.67342700795217,2.03758297720924,1857.5797920057084,114.90623832648487
1791485183,60,GET,GET /health,38.600000,0.000000,55,83,110,130,220,450,710,810,1200,1200,1200,3526,0,50,83.13046960844464,2.03758297720924,1200.2491670136806,73.0
1791485183,60,POST,POST /v1/predict,188.700000,0.000000,130,180,220,260,410,740,1100,1300,1700,1900,1900,17956,0,110,160.39993055279191,7.394040992949158,1857.5797920057084,123.13934061038093
1791485183,60,,Aggregated,227.300000,0.000000,110,170,210,240,380,670,1000,1300,1700,1900,1900,21482,0,100,147.7171207916074,2.03758297720924,1857.5797920057084,114.90959873382367
1791485184,60,GET,GET /health,36.200000,0.000000,59,92,130,170,330,650,1100,1300,1500,1500,1500,3533,0,50,85.11621181414309,2.03758297720924,1463.8365420105401,73.0
1791485184,60,POST,POST /v1/predict,174.300000,0.000000,140,190,240,280,500,910,1300,1400,1700,1900,1900,17968,0,110,161.126409058602,7.394040992949158,1857.5797920057084,123.13980409617098
1791485184,60,,Aggregated,210.500000,0.000000,120,180,230,260,470,860,1200,1400,1700,1900,1900,21501,0,100,148.6365701271723,2.03758297720924,1857.5797920057084,114.90093484023998
1791485185,60,GET,GET /health,34.400000,0.000000,68,110,170,200,490,810,1400,1900,2300,2300,2300,3539,0,50,87.18442807639059,2.03758297720924,2329.7384580073413,73.0
1791485185,60,POST,POST /v1/predict,162.900000,0.000000,150,220,290,330,710,1100,1500,1900,2600,2700,2700,17996,0,110,163.4327220078906,7.394040992949158,2677.988249983173,123.14130917981774
1791485185,60,,Aggregated,197.300000,0.000000,140,210,270,320,660,1100,1500,1900,2600,2700,2700,21535,0,100,150.90229655056183,2.03758297720924,2677.988249983173,114.90123055491061
1791485186,60,GET,GET /health,31.600000,0.000000,86,160,220,310,710,1200,1600,2300,2500,2500,2500,3566,0,50,89.45424849338629,2.03758297720924,2463.405791990226,73.0
1791485186,60,POST,POST /v1/predict,148.700000,0.000000,180,280,360,470,1000,1400,2300,2700,2900,3000,3000,18134,0,110,166.9555151415995,7.394040992949158,2960.818375024246,123.14464541744789
1791485186,60,,Aggregated,180.300000,0.000000,170,260,340,450,970,1400,2200,2600,2900,3000,3000,21700,0,100,154.21959270530806,2.03758297720924,2960.818375024246,114.90428571428572
1791485187,60,GET,GET /health,27.000000,0.000000,110,220,350,460,730,1200,1900,2300,2500,2500,2500,3587,0,51,91.01986163016694,2.03758297720924,2463.405791990226,73.0
1791485187,60,POST,POST /v1/predict,128.600000,0.000000,230,340,530,630,1100,1500,2300,2700,3000,3000,3000,18218,0,110,168.26515736450733,7.394040992949158,2960.818375024246,123.14666813042047
1791485187,60,,Aggregated,155.600000,0.000000,210,320,480,600,1000,1500,2300,2700,2900,3000,3000,21805,0,100,155.55803166860844,2.03758297720924,2960.818375024246,114.89736299013988
1791485188,60,GET,GET /health,23.600000,0.000000,150,310,450,490,810,1300,1900,2300,2500,2500,2500,3600,0,51,91.29412835679734,2.03758297720924,2463.405791990226,73.0
1791485188,60,POST,POST /v1/predict,110.500000,0.000000,280,450,620,740,1100,1500,2400,2700,3000,3000,3000,18303,0,110,169.29750760752796,7.394040992949158,2960.818375024246,123.1496475987543
1791485188,60,,Aggregated,134.100000,0.000000,260,430,560,690,1100,1500,2300,2700,3000,3000,3000,21903,0,100,156.47679056864624,2.03758297720924,2960.818375024246,114.90699904122722
1791485189,60,GET,GET /health,20.800000,0.000000,250,420,500,570,860,1400,2300,2300,2500,2500,2500,3616,0,51,91.97647925899959,2.03758297720924,2463.405791990226,73.0
1791485189,60,POST,POST /v1/predict,101.900000,0.000000,410,620,780,880,1300,1700,2500,2700,3000,3000,3000,18383,0,110,171.23291862670277,7.394040992949158,2960.818375024246,123.15171625958766
1791485189,60,,Aggregated,122.700000,0.000000,360,570,740,830,1300,1700,2400,2700,3000,3000,3000,21999,0,100,158.2054498893234,2.03758297720924,2960.818375024246,114.90822310105004
1791485190,60,GET,GET /health,19.600000,0.000000,260,430,520,570,880,1400,2300,2300,2500,2500,2500,3634,0,51,92.45227469688535,2.03758297720924,2463.405791990226,73.0
1791485190,60,POST,POST /v1/predict,91.600000,0.000000,470,660,820,930,1300,1700,2500,2700,3000,3000,3000,18487,0,110,172.47408788335926,7.394040992949158,2960.818375024246,123.15313463514903
1791485190,60,,Aggregated,111.200000,0.000000,430,620,780,880,1300,1700,2500,2700,3000,3000,3000,22121,0,100,159.32824144243705,2.03758297720924,2960.818375024246,114.91406355951358
1791485191,60,GET,GET /health,16.800000,0.000000,260,450,500,570,1000,1400,2300,2300,2500,2500,2500,3641,0,51,93.76170263429589,2.03758297720924,2463.405791990226,73.0
1791485191,60,POST,POST /v1/predict,83.600000,0.000000,450,620,760,860,1300,1800,2500,2700,3000,3000,3000,18498,0,110,172.8810981227485,7.394040992949158,2960.818375024246,123.15336793166828
1791485191,60,,Aggregated,100.400000,0.000000,410,590,730,820,1200,1700,2500,2700,3000,3000,3000,22139,0,100,159.86905065116207,2.03758297720924,2960.818375024246,114.9050995979945
1791485192,60,GET,GET /health,14.300000,0.000000,260,450,540,680,1200,1600,2300,2300,2500,2500,2500,3656,0,51,96.0304849675921,2.03758297720924,2463.405791990226,73.0
1791485192,60,POST,POST /v1/predict,71.000000,0.000000,450,640,810,940,1500,2100,2600,2700,3000,3000,3000,18555,0,110,175.6129878264508,7.394040992949158,2960.818375024246,123.15569927243331
1791485192,60,,Aggregated,85.300000,0.000000,410,610,780,900,1400,2000,2500,2700,3000,3000,3000,22211,0,100,162.51345919415218,2.03758297720924,2960.818375024246,114.89991445680069
1791485193,60,GET,GET /health,14.300000,0.000000,260,470,540,730,1200,1600,2300,2300,2500,2500,2500,3665,0,52,97.25351902006047,2.03758297720924,2463.405791990226,73.0
1791485193,60,POST,POST /v1/predict,70.700000,0.000000,460,680,870,1100,1700,2200,2700,2800,3000,3000,3000,18597,0,120,178.02406480409945,7.394040992949158,2960.818375024246,123.15782115394956
1791485193,60,,Aggregated,85.000000,0.000000,410,630,810,1000,1600,2200,2600,2800,3000,3000,3000,22262,0,100,164.72678467210324,2.03758297720924,2960.818375024246,114.90032342107628
1791485194,60,GET,GET /health,13.900000,0.000000,210,350,490,570,1100,1600,2000,2300,2500,2500,2500,3697,0,52,99.08062410994953,2.03758297720924,2463.405791990226,73.0
1791485194,60,POST,POST /v1/predict,67.400000,0.000000,370,620,780,940,1600,2200,2700,2800,3400,3400,3400,18739,0,120,180.00641923254346,7.394040992949158,3397.1776670077816,123.15998719248626
1791485194,60,,Aggregated,81.300000,0.000000,340,570,750,900,1400,2100,2600,2800,3400,3400,3400,22436,0,100,166.67148142864679,2.03758297720924,3397.1776670077816,114.894633624532
1791485195,60,GET,GET /health,14.000000,0.000000,180,260,400,470,980,1200,1600,2000,2500,2500,2500,3731,0,52,99.36205200845254,2.03758297720924,2463.405791990226,73.0
1791485195,60,POST,POST /v1/predict,64.000000,0.000000,300,520,660,780,1300,1800,2500,2800,3400,3400,3400,18876,0,120,180.24683209507626,7.394040992949158,3397.1776670077816,123.16121000211909
1791485195,60,,Aggregated,78.000000,0.000000,270,470,620,740,1200,1700,2400,2800,3400,3400,3400,22607,0,100,166.8978200853806,2.03758297720924,3397.1776670077816,114.88273543592693
1791485196,60,GET,GET /health,13.800000,0.000000,170,250,350,470,770,1100,1600,1900,2000,2000,2000,3761,0,53,100.1755345874753,2.03758297720924,2463.405791990226,73.0
1791485196,60,POST,POST /v1/predict,63.900000,0.000000,300,480,620,720,1100,1500,2100,2400,3400,3400,3400,18997,0,120,180.8755311232609,7.394040992949158,3397.1776670077816,123.16328894035901
1791485196,60,,Aggregated,77.700000,0.000000,270,450,570,670,1000,1400,2000,2300,3400,3400,3400,22758,0,100,167.53900388136415,2.03758297720924,3397.1776670077816,114.87327533175147
1791485197,60,GET,GET /health,16.500000,0.000000,150,230,310,410,770,1100,1600,1900,2000,2000,2000,3783,0,53,100.81875523194682,2.03758297720924,2463.405791990226,73.0
1791485197,60,POST,POST /v1/predict,76.900000,0.000000,290,450,560,660,1100,1400,2100,2400,3400,3400,3400,19111,0,120,181.60043817485172,7.394040992949158,3397.1776670077816,123.16435560671864
1791485197,60,,Aggregated,93.400000,0.000000,240,410,540,610,1000,1400,2000,2300,3400,3400,3400,22894,0,110,168.25208897536695,2.03758297720924,3397.1776670077816,114.87520747794181
1791485198,60,GET,GET /health,19.400000,0.000000,140,220,300,390,740,1100,1400,1600,2000,2000,2000,3810,0,53,101.28984143736734,2.03758297720924,2463.405791990226,73.0
1791485198,60,POST,POST /v1/predict,88.900000,0.000000,260,430,540,610,1000,1400,2100,2400,3400,3400,3400,19252,0,120,182.22391720355586,7.394040992949158,3397.1776670077816,123.1666839808851
1791485198,60,,Aggregated,108.300000,0.000000,230,390,510,570,990,1400,1900,2300,3400,3400,3400,23062,0,110,168.8530548035397,2.03758297720924,3397.1776670077816,114.87880496054115
1791485199,60,GET,GET /health,19.500000,0.000000,130,200,280,340,580,1000,1400,1600,2000,2000,2000,3845,0,54,101.35024313013201,2.03758297720924,2463.405791990226,73.0
1791485199,60,POST,POST /v1/predict,85.500000,0.000000,230,370,460,530,810,1400,2000,2300,3400,3400,3400,19422,0,120,182.5441707106343,7.394040992949158,3397.1776670077816,123.16795386674904
1791485199,60,,Aggregated,105.000000,0.000000,200,340,440,510,780,1300,1900,2200,3400,3400,3400,23267,0,110,169.12642662901538,2.03758297720924,3397.1776670077816,114.87742295955645
1791485200,60,GET,GET /health,19.600000,0.000000,110,180,250,300,530,990,1300,1600,2000,2000,2000,3888,0,54,101.18504410943369,2.03758297720924,2463.405791990226,73.0
1791485200,60,POST,POST /v1/predict,88.100000,0.000000,190,310,410,460,670,1300,1900,2300,3400,3400,3400,19626,0,120,182.10258221492046,7.394040992949158,3397.1776670077816,123.16819525119739
1791485200,60,,Aggregated,107.700000,0.000000,180,280,380,440,630,1300,1800,2200,3400,3400,3400,23514,0,110,168.72300459502893,2.03758297720924,3397.1776670077816,114.87296929488815
1791485201,60,GET,GET /health,21.000000,0.000000,100,160,230,260,430,770,1300,1600,2000,2000,2000,3913,0,54,101.29943417109638,2.03758297720924,2463.405791990226,73.0
1791485201,60,POST,POST /v1/predict,94.500000,0.000000,190,290,380,430,600,1200,1800,2200,3400,3400,3400,19756,0,120,182.41271980103124,7.394040992949158,3397.1776670077816,123.17022676655193
1791485201,60,,Aggregated,115.500000,0.000000,180,270,350,410,570,1100,1700,2200,3400,3400,3400,23669,0,110,169.0029311885029,2.03758297720924,3397.1776670077816,114.87599814102835
1791485202,60,GET,GET /health,22.900000,0.000000,100,160,230,280,430,670,1100,1400,1600,1600,1600,3925,0,54,102.79401377771067,2.03758297720924,2463.405791990226,73.0
1791485202,60,POST,POST /v1/predict,104.200000,0.000000,190,290,380,430,580,890,1400,1800,3400,3400,3400,19794,0,120,183.58196989709498,7.394040992949158,3397.1776670077816,123.17126401939981
1791485202,60,,Aggregated,127.100000,0.000000,170,270,350,410,570,830,1400,1700,3400,3400,3400,23719,0,110,170.2132474480633,2.03758297720924,3397.1776670077816,114.86896580800202
1791485203,60,GET,GET /health,25.500000,0.000000,97,150,200,260,380,620,1000,1400,1600,1600,1600,3940,0,54,102.82593088922283,2.03758297720924,2463.405791990226,73.0
1791485203,60,POST,POST /v1/predict,114.500000,0.000000,190,300,380,430,600,940,1300,1500,3400,3400,3400,19884,0,120,185.59870410334992,7.394040992949158,3397.1776670077816,123.17370750352042
1791485203,60,,Aggregated,140.000000,0.000000,170,270,350,410,570,890,1300,1400,3400,3400,3400,23824,0,110,171.9097884525919,2.03758297720924,3397.1776670077816,114.8760073875084
1791485204,60,GET,GET /health,27.200000,0.000000,97,150,200,260,380,540,740,1000,1100,1100,1100,3963,0,54,103.29942100744023,2.03758297720924,2463.405791990226,73.0
1791485204,60,POST,POST /v1/predict,125.700000,0.000000,200,310,390,440,600,820,1100,1400,1700,1700,1700,20018,0,120,186.75612030327838,7.394040992949158,3397.1776670077816,123.17569187731043
1791485204,60,,Aggregated,152.900000,0.000000,180,290,370,430,590,820,1100,1300,1700,1700,1700,23981,0,110,172.9644143982117,2.03758297720924,3397.1776670077816,114.88386639422876
1791485206,60,GET,GET /health,27.500000,0.000000,92,150,230,290,380,520,670,1000,1100,1100,1100,3985,0,55,103.67041505532721,2.03758297720924,2463.405791990226,73.0
1791485206,60,POST,POST /v1/predict,128.700000,0.000000,200,340,420,480,660,890,1200,1400,1700,1700,1700,20104,0,120,187.50991212494688,7.394040992949158,3397.1776670077816,123.17697970553124
1791485206,60,,Aggregated,156.200000,0.000000,180,310,390,440,600,830,1100,1300,1700,1700,1700,24089,0,110,173.64049472188188,2.03758297720924,3397.1776670077816,114.8762920835236
1791485207,60,GET,GET /health,27.500000,0.000000,81,140,200,270,340,470,670,1000,1100,1100,1100,3996,0,55,103.67340230717659,2.03758297720924,2463.405791990226,73.0
1791485207,60,POST,POST /v1/predict,128.700000,0.000000,200,330,410,470,730,960,1200,1400,1700,1700,1700,20231,0,120,188.50094399002427,7.394040992949158,3397.1776670077816,123.1781424546488
1791485207,60,,Aggregated,156.200000,0.000000,180,290,380,440,660,940,1200,1300,1700,1700,1700,24227,0,110,174.50949409673768,2.03758297720924,3397.1776670077816,114.90176249638833
1791485208,60,GET,GET /health,26.500000,0.000000,82,150,230,270,360,530,830,1000,1100,1100,1100,4008,0,55,104.15603117601671,2.03758297720924,2463.405791990226,73.0
1791485208,60,POST,POST /v1/predict,127.700000,0.000000,200,330,420,500,800,1000,1200,1400,1700,1700,1700,20302,0,120,189.1991915464046,7.394040992949158,3397.1776670077816,123.179341936755
1791485208,60,,Aggregated,154.200000,0.000000,180,300,390,450,740,970,1200,1400,1700,1700,1700,24310,0,110,175.17808966386602,2.03758297720924,3397.1776670077816,114.90625257095846
1791485209,60,GET,GET /health,25.200000,0.000000,94,170,240,300,440,590,1100,1200,1300,1300,1300,4038,0,55,105.26643741642854,2.03758297720924,2463.405791990226,73.0
1791485209,60,POST,POST /v1/predict,121.800000,0.000000,220,360,460,580,930,1100,1400,1500,1700,1700,1700,20417,0,120,190.7445211783873,7.394040992949158,3397.1776670077816,123.18058480677867
1791485209,60,,Aggregated,147.000000,0.000000,190,320,420,510,880,1100,1400,1500,1700,1700,1700,24455,0,110,176.63041354269794,2.03758297720924,3397.1776670077816,114.8947863422613
1791485210,60,GET,GET /health,22.500000,0.000000,96,170,260,320,470,590,1100,1200,1300,1300,1300,4073,0,55,105.18800803059344,2.03758297720924,2463.405791990226,73.0
1791485210,60,POST,POST /v1/predict,119.100000,0.000000,240,380,530,660,950,1200,1400,1500,1700,1700,1700,20575,0,120,190.93135988375275,7.394040992949158,3397.1776670077816,123.18080194410693
1791485210,60,,Aggregated,141.600000,0.000000,210,350,470,590,920,1100,1400,1500,1700,1700,1700,24648,0,110,176.76255624459705,2.03758297720924,3397.1776670077816,114.88859136643947
1791485211,60,GET,GET /health,22.700000,0.000000,75,160,260,340,500,660,1100,1200,1300,1300,1300,4112,0,55,105.2152961049894,2.03758297720924,2463.405791990226,73.0
1791485211,60,POST,POST /v1/predict,116.300000,0.000000,200,390,590,710,950,1100,1400,1500,1700,1700,1700,20742,0,120,191.3270651406001,7.394040992949158,3397.1776670077816,123.1809372288111
1791485211,60,,Aggregated,139.000000,0.000000,170,350,510,630,920,1100,1400,1500,1700,1700,1700,24854,0,110,177.08019967530592,2.03758297720924,3397.1776670077816,114.87869155870283
1791485212,60,GET,GET /health,22.600000,0.000000,64,110,200,250,450,520,660,1100,1300,1300,1300,4147,0,55,105.32478161914491,2.03758297720924,2463.405791990226,73.0
1791485212,60,POST,POST /v1/predict,114.600000,0.000000,170,310,500,620,890,1100,1400,1500,1700,1700,1700,20864,0,120,191.21845620942292,7.394040992949158,3397.1776670077816,123.18112538343559
1791485212,60,,Aggregated,137.200000,0.000000,150,270,420,560,830,1000,1300,1500,1700,1700,1700,25011,0,110,176.97667984998589,2.03758297720924,3397.1776670077816,114.86074127383951
1791485213,60,GET,GET /health,22.600000,0.000000,59,110,200,250,460,530,670,1100,1300,1300,1300,4177,0,55,105.53545992857435,2.03758297720924,2463.405791990226,73.0
1791485213,60,POST,POST /v1/predict,114.600000,0.000000,150,260,420,570,820,960,1200,1400,1700,1700,1700,21019,0,120,191.59099013516962,7.394040992949158,3397.1776670077816,123.18183548218279
1791485213,60,,Aggregated,137.200000,0.000000,140,230,370,500,780,940,1100,1300,1700,1700,1700,25196,0,110,177.32468001955831,2.03758297720924,3397.1776670077816,114.86267661533577
1791485214,60,GET,GET /health,23.300000,0.000000,52,95,150,230,470,560,750,1100,1300,1300,1300,4206,0,54,105.71182915233753,2.03758297720924,2463.405791990226,73.0
1791485214,60,POST,POST /v1/predict,110.600000,0.000000,130,220,370,520,840,1000,1200,1400,1700,1700,1700,21181,0,120,192.18044228050442,7.394040992949158,3397.1776670077816,123.18195552617912
1791485214,60,,Aggregated,133.900000,0.000000,120,200,320,450,800,980,1200,1300,1700,1700,1700,25387,0,110,177.85472491267595,2.03758297720924,3397.1776670077816,114.86804269901918
1791485215,60,GET,GET /health,25.200000,0.000000,52,95,150,230,460,560,750,1100,1300,1300,1300,4233,0,54,105.9495438813432,2.03758297720924,2463.405791990226,73.0
1791485215,60,POST,POST /v1/predict,122.500000,0.000000,130,200,310,500,830,1000,1200,1400,1700,1700,1700,21327,0,120,192.51513142139933,7.394040992949158,3397.1776670077816,123.18286678857785
1791485215,60,,Aggregated,147.700000,0.000000,120,190,280,430,770,970,1200,1300,1700,1700,1700,25560,0,110,178.1789760201063,2.03758297720924,3397.1776670077816,114.87206572769954
1791485216,60,GET,GET /health,26.500000,0.000000,55,110,170,230,470,570,700,1100,1300,1300,1300,4247,0,55,106.4064242702498,2.03758297720924,2463.405791990226,73.0
1791485216,60,POST,POST /v1/predict,128.200000,0.000000,130,220,360,500,810,960,1200,1400,1700,1700,1700,21398,0,120,193.20131596767507,7.394040992949158,3397.1776670077816,123.18459669127955
1791485216,60,,Aggregated,154.700000,0.000000,120,200,320,430,740,930,1200,1300,1700,1700,1700,25645,0,110,178.8274456210595,2.03758297720924,3397.1776670077816,114.87365958276467
1791485217,60,GET,GET /health,26.700000,0.000000,55,100,150,220,450,560,700,1100,1300,1300,1300,4285,0,55,106.65964858128707,2.03758297720924,2463.405791990226,73.0
1791485217,60,POST,POST /v1/predict,129.400000,0.000000,130,210,330,470,770,940,1200,1300,1700,1700,1700,21575,0,120,193.74037703366736,7.394040992949158,3397.1776670077816,123.18567786790267
1791485217,60,,Aggregated,156.100000,0.000000,120,190,300,420,710,910,1100,1300,1700,1700,1700,25860,0,110,179.31110706389006,2.03758297720924,3397.1776670077816,114.86991492652746
1791485218,60,GET,GET /health,26.200000,0.000000,56,97,150,180,410,510,660,700,780,780,780,4310,0,55,106.79361799230401,2.03758297720924,2463.405791990226,73.0
1791485218,60,POST,POST /v1/predict,129.400000,0.000000,140,220,300,400,660,860,980,1100,1300,1300,1300,21712,0,120,194.06316166942014,7.394040992949158,3397.1776670077816,123.18722365512158
1791485218,60,,Aggregated,155.600000,0.000000,130,200,280,360,620,820,950,1000,1300,1300,1300,26022,0,110,179.6087871690604,2.03758297720924,3397.1776670077816,114.87475981861502
1791485219,60,GET,GET /health,28.600000,0.000000,62,110,160,200,400,510,660,700,780,780,780,4329,0,55,106.88622321546372,2.03758297720924,2463.405791990226,73.0
1791485219,60,POST,POST /v1/predict,134.000000,0.000000,160,250,340,420,640,850,970,1100,1300,1300,1300,21838,0,120,194.7124758297222,7.394040992949158,3397.1776670077816,123.18944042494734
1791485219,60,,Aggregated,162.600000,0.000000,140,230,310,390,610,800,950,1000,1300,1300,1300,26167,0,110,180.18273044174822,2.03758297720924,3397.1776670077816,114.88623074865288
1791485220,60,GET,GET /health,30.000000,0.000000,72,130,180,210,400,500,660,700,780,780,780,4351,0,55,107.11958548971027,2.03758297720924,2463.405791990226,73.0
1791485220,60,POST,POST /v1/predict,140.100000,0.000000,170,270,350,420,620,810,980,1100,1300,1300,1300,21967,0,120,195.3840298023605,7.394040992949158,3397.1776670077816,123.19133245322529
1791485220,60,,Aggregated,170.100000,0.000000,160,250,330,400,600,770,950,1000,1300,1300,1300,26318,0,110,180.79178885683532,2.03758297720924,3397.1776670077816,114.8934949464245
1791485221,60,GET,GET /health,28.700000,0.000000,88,150,190,230,410,500,660,700,780,780,780,4375,0,56,107.5926280593433,2.03758297720924,2463.405791990226,73.0
1791485221,60,POST,POST /v1/predict,141.000000,0.000000,200,290,380,440,640,800,980,1100,1300,1300,1300,22091,0,120,195.98064682820004,7.394040992949158,3397.1776670077816,123.19329138563216
1791485221,60,,Aggregated,169.700000,0.000000,180,270,350,420,610,770,950,1000,1300,1300,1300,26466,0,110,181.3695389118644,2.03758297720924,3397.1776670077816,114.89601753192775
1791485222,60,GET,GET /health,28.000000,0.000000,91,150,190,220,390,470,620,690,780,780,780,4404,0,56,107.5631807760181,2.03758297720924,2463.405791990226,73.0
1791485222,60,POST,POST /v1/predict,138.200000,0.000000,220,310,390,440,640,770,950,1000,1300,1300,1300,22220,0,120,196.4214771039072,7.394040992949158,3397.1776670077816,123.19473447344734
1791485222,60,,Aggregated,166.200000,0.000000,190,280,360,410,600,750,920,1000,1300,1300,1300,26624,0,110,181.72301192106428,2.03758297720924,3397.1776670077816,114.89178936298077
1791485223,60,GET,GET /health,26.100000,0.000000,100,150,190,220,380,460,550,660,920,920,920,4428,0,56,107.75936039807287,2.03758297720924,2463.405791990226,73.0
1791485223,60,POST,POST /v1/predict,133.400000,0.000000,230,310,390,430,620,750,890,1000,1200,1200,1200,22339,0,120,196.62565655176593,7.394040992949158,3397.1776670077816,123.19521912350598
1791485223,60,,Aggregated,159.500000,0.000000,200,290,360,410,590,740,870,970,1200,1200,1200,26767,0,110,181.92472034791268,2.03758297720924,3397.1776670077816,114.89154555983113
1791485224,60,GET,GET /health,25.700000,0.000000,91,150,180,220,390,470,660,860,1000,1000,1000,4470,0,56,108.17454113704163,2.03758297720924,2463.405791990226,73.0
1791485224,60,POST,POST /v1/predict,134.800000,0.000000,210,300,370,420,640,750,950,1100,1300,1400,1400,22489,0,120,196.9689155165499,7.394040992949158,3397.1776670077816,123.1946729512206
1791485224,60,,Aggregated,160.500000,0.000000,190,280,350,400,600,740,920,1000,1300,1400,1400,26959,0,110,182.24615675411854,2.03758297720924,3397.1776670077816,114.87202789420972
1791485225,60,GET,GET /health,24.500000,0.000000,78,130,170,200,380,470,710,860,1000,1000,1000,4495,0,56,108.32579002749445,2.03758297720924,2463.405791990226,73.0
1791485225,60,POST,POST /v1/predict,131.200000,0.000000,190,280,350,410,660,820,1000,1100,1300,1400,1400,22633,0,120,197.33253851707053,7.394040992949158,3397.1776670077816,123.1950249635488
1791485225,60,,Aggregated,155.700000,0.000000,170,250,320,380,610,780,970,1100,1300,1400,1400,27128,0,110,182.58447988906147,2.03758297720924,3397.1776670077816,114.87791212031848
1791485226,60,GET,GET /health,26.400000,0.000000,74,120,160,200,400,470,630,860,1000,1000,1000,4536,0,56,108.44533697278291,2.03758297720924,2463.405791990226,73.0
1791485226,60,POST,POST /v1/predict,130.900000,0.000000,190,270,330,390,660,800,970,1100,1300,1400,1400,22799,0,120,197.42106523337944,7.394040992949158,3397.1776670077816,123.19549103030835
1791485226,60,,Aggregated,157.300000,0.000000,160,240,310,370,610,760,940,1100,1300,1400,1400,27335,0,110,182.6563349099828,2.03758297720924,3397.1776670077816,114.86599597585513
1791485227,60,GET,GET /health,26.200000,0.000000,70,120,150,190,410,470,630,860,1000,1000,1000,4569,0,56,108.47720948404546,2.03758297720924,2463.405791990226,73.0
1791485227,60,POST,POST /v1/predict,131.200000,0.000000,170,250,330,400,650,790,970,1100,1300,1400,1400,22963,0,120,197.36007322017966,7.394040992949158,3397.1776670077816,123.19601097417585
1791485227,60,,Aggregated,157.400000,0.000000,150,230,310,370,600,750,920,1100,1300,1400,1400,27532,0,110,182.60975343191964,2.03758297720924,3397.1776670077816,114.865865175069
1791485228,60,GET,GET /health,28.300000,0.000000,70,120,150,190,410,470,630,860,1000,1000,1000,4588,0,56,108.5387192601548,2.03758297720924,2463.405791990226,73.0
1791485228,60,POST,POST /v1/predict,138.100000,0.000000,160,240,310,380,630,780,970,1100,1300,1400,1400,23072,0,120,197.36934558420882,7.394040992949158,3397.1776670077816,123.19664528432732
1791485228,60,,Aggregated,166.400000,0.000000,140,220,290,360,600,750,920,1100,1300,1400,1400,27660,0,110,182.63489462344464,2.03758297720924,3397.1776670077816,114.87046276211136
1791485229,60,GET,GET /health,28.500000,0.000000,65,110,150,190,420,530,710,860,1000,1000,1000,4607,0,56,108.76079804441474,2.03758297720924,2463.405791990226,73.0
1791485229,60,POST,POST /v1/predict,137.800000,0.000000,160,240,320,400,690,890,1100,1200,1300,1400,1400,23173,0,120,198.6341078225502,7.394040992949158,3397.1776670077816,123.19781642428688
1791485229,60,,Aggregated,166.300000,0.000000,140,220,290,380,650,850,1100,1200,1300,1400,1400,27780,0,110,183.72963200729288,2.03758297720924,3397.1776670077816,114.87307415406768
1791485230,60,GET,GET /health,28.000000,0.000000,63,110,150,190,410,540,710,860,1000,1000,1000,4626,0,56,109.05181928440773,2.03758297720924,2463.405791990226,73.0
1791485230,60,POST,POST /v1/predict,136.800000,0.000000,150,230,310,400,750,940,1100,1300,1400,1400,1400,23263,0,120,199.4260823013352,7.394040992949158,3397.1776670077816,123.19872759317371
1791485230,60,,Aggregated,164.800000,0.000000,130,210,290,370,680,900,1100,1200,1400,1400,1400,27889,0,110,184.43553618221,2.03758297720924,3397.1776670077816,114.87217182401663
1791485231,60,GET,GET /health,28.000000,0.000000,65,120,170,210,460,600,720,860,1000,1000,1000,4640,0,56,109.59387660098808,2.03758297720924,2463.405791990226,73.0
1791485231,60,POST,POST /v1/predict,133.800000,0.000000,150,230,340,450,840,1000,1200,1300,1400,1400,1400,23322,0,120,200.4480915639226,7.394040992949158,3397.1776670077816,123.20015436068948
1791485231,60,,Aggregated,161.800000,0.000000,130,210,310,400,770,1000,1100,1200,1400,1400,1400,27962,0,110,185.37178953159327,2.03758297720924,3397.1776670077816,114.86996638294829
1791485232,60,GET,GET /health,27.500000,0.000000,70,120,190,280,500,640,770,920,1800,1800,1800,4651,0,56,110.59780712310905,2.03758297720924,2463.405791990226,73.0
1791485232,60,POST,POST /v1/predict,130.700000,0.000000,160,250,390,540,890,1000,1200,1300,1400,1400,1400,23357,0,120,201.18834186542853,7.394040992949158,3397.1776670077816,123.20118165860342
1791485232,60,,Aggregated,158.200000,0.000000,140,230,360,480,830,1000,1100,1300,1400,1800,1800,28008,0,110,186.14490509427375,2.03758297720924,3397.1776670077816,114.86478863181948
1791485233,60,GET,GET /health,26.500000,0.000000,86,140,220,310,540,710,1800,2300,2300,2300,2300,4668,0,56,112.2203095039637,2.03758297720924,2463.405791990226,73.0
1791485233,60,POST,POST /v1/predict,124.900000,0.000000,180,300,450,610,940,1100,1400,2700,3000,3000,3000,23452,0,120,203.53439850702972,7.394040992949158,3397.1776670077816,123.20343680709534
1791485233,60,,Aggregated,151.400000,0.000000,160,270,410,540,900,1100,1400,2500,3000,3000,3000,28120,0,110,188.37599994848486,2.03758297720924,3397.1776670077816,114.86952347083925
1791485234,60,GET,GET /health,24.800000,0.000000,87,140,210,280,510,670,1200,2000,2300,2300,2300,4694,0,56,112.34517696731554,2.03758297720924,2463.405791990226,73.0
1791485234,60,POST,POST /v1/predict,114.500000,0.000000,190,300,460,620,990,1200,1900,2700,3000,3000,3000,23584,0,120,204.37100966544673,7.394040992949158,3397.1776670077816,123.20395183175035
1791485234,60,,Aggregated,139.300000,0.000000,170,270,410,540,930,1100,1800,2600,3000,3000,3000,28278,0,110,189.0952030778168,2.03758297720924,3397.1776670077816,114.87035858264375
1791485235,60,GET,GET /health,24.500000,0.000000,78,130,210,240,540,740,1800,2300,2300,2300,2300,4726,0,56,112.12975004729856,2.03758297720924,2463.405791990226,73.0
1791485235,60,POST,POST /v1/predict,110.300000,0.000000,180,300,480,650,1000,1200,1900,2700,3000,3000,3000,23737,0,120,204.55783901541875,7.394040992949158,3397.1776670077816,123.20318490120908
1791485235,60,,Aggregated,134.800000,0.000000,160,270,420,570,960,1200,1800,2600,3000,3000,3000,28463,0,110,189.2110678225261,2.03758297720924,3397.1776670077816,114.86744194217054
1791485236,60,GET,GET /health,22.200000,0.000000,73,140,210,240,590,770,1800,2300,2300,2300,2300,4743,0,56,112.19255057845486,2.03758297720924,2463.405791990226,73.0
1791485236,60,POST,POST /v1/predict,108.400000,0.000000,190,330,600,790,1000,1200,1900,2700,3000,3000,3000,23835,0,120,205.0839958166471,7.394040992949158,3397.1776670077816,123.2041535556954
1791485236,60,,Aggregated,130.600000,0.000000,170,290,500,680,1000,1200,1900,2700,3000,3000,3000,28578,0,110,189.6670973365326,2.03758297720924,3397.1776670077816,114.87192945622508
1791485237,60,GET,GET /health,23.200000,0.000000,80,140,230,310,660,770,1800,2300,2300,2300,2300,4754,0,56,112.55654282744368,2.03758297720924,2463.405791990226,73.0
1791485237,60,POST,POST /v1/predict,109.600000,0.000000,210,440,710,860,1100,1300,1900,2700,3000,3000,3000,23943,0,120,206.23771495685023,7.394040992949158,3397.1776670077816,123.2061562878503
1791485237,60,,Aggregated,132.800000,0.000000,190,370,640,780,1000,1200,1900,2700,3000,3000,3000,28697,0,110,190.7183125000371,2.03758297720924,3397.1776670077816,114.88890824824895
1791485238,60,GET,GET /health,21.200000,0.000000,77,140,220,270,570,740,1800,2300,2300,2300,2300,4789,0,56,112.54789183933805,2.03758297720924,2463.405791990226,73.0
1791485238,60,POST,POST /v1/predict,104.600000,0.000000,200,370,550,710,1000,1200,1900,2700,3000,3000,3000,24112,0,120,206.39535534185293,7.394040992949158,3397.1776670077816,123.20744857332448
1791485238,60,,Aggregated,125.800000,0.000000,180,310,480,650,990,1100,1900,2600,3000,3000,3000,28901,0,110,190.84449195603537,2.03758297720924,3397.1776670077816,114.88789315248607
1791485239,60,GET,GET /health,18.600000,0.000000,77,140,190,240,570,740,1800,2300,2300,2300,2300,4815,0,57,112.5967822213046,2.03758297720924,2463.405791990226,73.0
1791485239,60,POST,POST /v1/predict,97.100000,0.000000,190,300,420,560,980,1100,1800,2700,3000,3000,3000,24267,0,120,206.26993953569328,7.394040992949158,3397.1776670077816,123.20822516174228
1791485239,60,,Aggregated,115.700000,0.000000,180,270,390,500,930,1100,1800,2600,3000,3000,3000,29082,0,110,190.76081868882062,2.03758297720924,3397.1776670077816,114.89543360154047
1791485240,60,GET,GET /health,19.600000,0.000000,82,140,190,240,510,740,1800,2300,2300,2300,2300,4837,0,57,112.93255685788577,2.03758297720924,2463.405791990226,73.0
1791485240,60,POST,POST /v1/predict,101.900000,0.000000,200,290,400,500,900,1100,1800,2700,3000,3000,3000,24373,0,120,206.7259912592831,7.394040992949158,3397.1776670077816,123.21006851844254
1791485240,60,,Aggregated,121.500000,0.000000,180,270,370,460,840,1100,1800,2500,3000,3000,3000,29210,0,110,191.19436365916226,2.03758297720924,3397.1776670077816,114.89558370421089
1791485241,60,GET,GET /health,20.800000,0.000000,73,130,170,210,350,670,910,2000,2300,2300,2300,4858,0,57,112.97136060386825,2.03758297720924,2463.405791990226,73.0
1791485241,60,POST,POST /v1/predict,108.300000,0.000000,200,290,390,480,820,1100,1600,2600,3000,3000,3000,24506,0,130,207.59511597879515,7.394040992949158,3397.1776670077816,123.21178486901167
1791485241,60,,Aggregated,129.100000,0.000000,170,270,350,440,770,1000,1500,2300,3000,3000,3000,29364,0,110,191.94049795634024,2.03758297720924,3397.1776670077816,114.90471325432502
1791485242,60,GET,GET /health,20.700000,0.000000,82,140,170,210,290,450,670,820,1200,1200,1200,4880,0,57,113.25335961016401,2.03758297720924,2463.405791990226,73.0
1791485242,60,POST,POST /v1/predict,109.800000,0.000000,200,280,350,420,710,960,1100,1400,2600,2700,2700,24636,0,130,207.83807174506111,7.394040992949158,3397.1776670077816,123.21334632245494
1791485242,60,,Aggregated,130.500000,0.000000,180,260,330,390,660,930,1100,1300,2600,2700,2700,29516,0,110,192.19999764226029,2.03758297720924,3397.1776670077816,114.91137010435018
1791485243,60,GET,GET /health,21.600000,0.000000,95,150,200,230,390,510,690,820,910,910,910,4896,0,57,113.92844152136354,2.03758297720924,2463.405791990226,73.0
1791485243,60,POST,POST /v1/predict,116.100000,0.000000,210,320,400,470,720,930,1100,1100,1400,1400,1400,24714,0,130,208.72215134350395,7.394040992949158,3397.1776670077816,123.21485797523671
1791485243,60,,Aggregated,137.700000,0.000000,190,280,370,440,680,910,1000,1100,1400,1400,1400,29610,0,110,193.0480546434307,2.03758297720924,3397.1776670077816,114.91185410334346
1791485244,60,GET,GET /health,22.800000,0.000000,110,170,220,260,400,510,690,820,820,820,820,4913,0,57,114.09791141290326,2.03758297720924,2463.405791990226,73.0
1791485244,60,POST,POST /v1/predict,125.700000,0.000000,230,330,420,480,680,910,1100,1100,1400,1400,1400,24828,0,130,209.30658815206047,7.394040992949158,3397.1776670077816,123.21624778475915
1791485244,60,,Aggregated,148.500000,0.000000,210,310,390,450,650,850,1000,1100,1400,1400,1400,29741,0,110,193.5787972634069,2.03758297720924,3397.1776670077816,114.92088362866077
1791485245,60,GET,GET /health,22.300000,0.000000,130,180,240,270,410,530,670,800,820,820,820,4919,0,57,114.41486591534424,2.03758297720924,2463.405791990226,73.0
1791485245,60,POST,POST /v1/predict,126.600000,0.000000,250,350,440,500,700,930,1100,1200,1400,1400,1400,24901,0,130,210.19209759192657,7.394040992949158,3397.1776670077816,123.2176619412875
1791485245,60,,Aggregated,148.900000,0.000000,230,330,410,470,660,870,1100,1200,1400,1400,1400,29820,0,110,194.39302976439225,2.03758297720924,3397.1776670077816,114.93393695506371
1791485246,60,GET,GET /health,22.200000,0.000000,110,180,230,270,390,520,600,820,870,870,870,4949,0,58,114.72683306804021,2.03758297720924,2463.405791990226,73.0
1791485246,60,POST,POST /v1/predict,126.200000,0.000000,240,330,420,490,690,900,1100,1200,1300,1400,1400,25051,0,130,211.07014823785542,7.394040992949158,3397.1776670077816,123.21891341663007
1791485246,60,,Aggregated,148.400000,0.000000,220,320,390,450,640,840,1000,1100,1300,1400,1400,30000,0,110,195.176712678676,2.03758297720924,3397.1776670077816,114.93446666666667
1791485247,60,GET,GET /health,19.400000,0.000000,100,180,230,260,390,520,600,820,870,870,870,4979,0,58,114.6378550210235,2.03758297720924,2463.405791990226,73.0
1791485247,60,POST,POST /v1/predict,116.600000,0.000000,230,320,400,460,660,860,1000,1100,1300,1300,1300,25224,0,130,210.983149589698,7.394040992949158,3397.1776670077816,123.21887884554393
1791485247,60,,Aggregated,136.000000,0.000000,220,310,370,430,610,820,1000,1100,1300,1300,1300,30203,0,120,195.1005146972239,2.03758297720924,3397.1776670077816,114.94023772472933
1791485248,60,GET,GET /health,20.200000,0.000000,110,200,260,310,460,580,830,890,890,890,890,5004,0,58,115.36505936585321,2.03758297720924,2463.405791990226,73.0
1791485248,60,POST,POST /v1/predict,120.100000,0.000000,250,350,430,500,690,900,1000,1100,1300,1300,1300,25312,0,130,211.2148623759339,7.394040992949158,3397.1776670077816,123.21957964601769
1791485248,60,,Aggregated,140.300000,0.000000,230,330,410,470,660,860,1000,1100,1300,1300,1300,30316,0,120,195.39376413532142,2.03758297720924,3397.1776670077816,114.93026784536218
1791485249,60,GET,GET /health,21.800000,0.000000,100,180,240,290,450,580,820,870,890,890,890,5048,0,58,115.30418396429192,2.03758297720924,2463.405791990226,73.0
1791485249,60,POST,POST /v1/predict,127.500000,0.000000,220,330,420,490,700,920,1000,1100,1300,1300,1300,25516,0,130,211.17962663986341,7.394040992949158,3397.1776670077816,123.21958770967237
1791485249,60,,Aggregated,149.300000,0.000000,200,310,390,450,660,880,1000,1100,1300,1300,1300,30564,0,120,195.34468243667487,2.03758297720924,3397.1776670077816,114.92523884308336
1791485250,60,GET,GET /health,21.400000,0.000000,90,160,210,250,390,560,820,870,890,890,890,5079,0,58,115.04485454552493,2.03758297720924,2463.405791990226,73.0
1791485250,60,POST,POST /v1/predict,120.100000,0.000000,200,300,380,440,610,880,1000,1100,1300,1300,1300,25664,0,130,211.1342427721639,7.394040992949158,3397.1776670077816,123.21991895261846
1791485250,60,,Aggregated,141.500000,0.000000,180,280,350,410,590,840,1000,1100,1300,1300,1300,30743,0,120,195.25947444106188,2.03758297720924,3397.1776670077816,114.92316950200046
1791485251,60,GET,GET /health,22.400000,0.000000,84,140,220,270,410,580,820,870,890,890,890,5099,0,58,115.19710455987706,2.03758297720924,2463.405791990226,73.0
1791485251,60,POST,POST /v1/predict,122.000000,0.000000,190,320,420,480,700,940,1000,1200,1300,1300,1300,25774,0,130,211.9244157860495,7.394040992949158,3397.1776670077816,123.2204159230232
1791485251,60,,Aggregated,144.400000,0.000000,180,290,390,460,660,900,1000,1100,1300,1300,1300,30873,0,120,195.94888506528295,2.03758297720924,3397.1776670077816,114.92598710847666
1791485252,60,GET,GET /health,24.000000,0.000000,80,110,180,240,350,510,820,870,890,890,890,5135,0,58,115.12488565080551,2.03758297720924,2463.405791990226,73.0
1791485252,60,POST,POST /v1/predict,127.600000,0.000000,170,270,370,440,620,910,1000,1100,1300,1300,1300,25945,0,130,211.59597660812355,7.394040992949158,3397.1776670077816,123.21984968201966
1791485252,60,,Aggregated,151.600000,0.000000,160,250,340,400,590,870,1000,1100,1300,1300,1300,31080,0,120,195.65713966906952,2.03758297720924,3397.1776670077816,114.92258687258688
1791485253,60,GET,GET /health,23.900000,0.000000,70,110,180,230,350,450,610,870,890,890,890,5171,0,58,115.00560826025645,2.03758297720924,2463.405791990226,73.0
1791485253,60,POST,POST /v1/predict,124.900000,0.000000,150,240,340,410,570,860,1000,1100,1300,1300,1300,26141,0,130,211.16833254354773,7.394040992949158,3397.1776670077816,123.21869859607513
1791485253,60,,Aggregated,148.800000,0.000000,140,220,310,370,550,810,1000,1100,1300,1300,1300,31312,0,120,195.28760160113356,2.03758297720924,3397.1776670077816,114.9253640776699
1791485254,60,GET,GET /health,25.000000,0.000000,62,110,160,210,320,390,610,870,890,890,890,5205,0,58,114.80235716920838,2.03758297720924,2463.405791990226,73.0
1791485254,60,POST,POST /v1/predict,129.800000,0.000000,140,220,310,360,540,740,980,1000,1300,1300,1300,26328,0,130,210.84977642836367,7.394040992949158,3397.1776670077816,123.21836068064418
1791485254,60,,Aggregated,154.800000,0.000000,130,200,280,340,510,690,950,1000,1300,1300,1300,31533,0,120,194.99569285737843,2.03758297720924,3397.1776670077816,114.92905844670662
1791485255,60,GET,GET /health,27.300000,0.000000,64,110,150,190,280,380,530,830,890,890,890,5241,0,58,114.71383616824043,2.03758297720924,2463.405791990226,73.0
1791485255,60,POST,POST /v1/predict,139.400000,0.000000,140,200,260,320,460,590,900,990,1200,1200,1200,26481,0,130,210.7059557203241,7.394040992949158,3397.1776670077816,123.21917601299045
1791485255,60,,Aggregated,166.700000,0.000000,120,190,240,290,440,560,860,960,1200,1200,1200,31722,0,120,194.84646708239316,2.03758297720924,3397.1776670077816,114.92213605699514
1791485256,60,GET,GET /health,28.000000,0.000000,71,110,150,190,290,380,530,830,890,890,890,5270,0,58,114.80060389446116,2.03758297720924,2463.405791990226,73.0
1791485256,60,POST,POST /v1/predict,145.700000,0.000000,140,200,280,340,470,600,900,990,1200,1200,1200,26617,0,130,210.83148814254085,7.394040992949158,3397.1776670077816,123.22046060788217
1791485256,60,,Aggregated,173.700000,0.000000,130,190,250,300,460,560,880,960,1200,1200,1200,31887,0,120,194.96035696095095,2.03758297720924,3397.1776670077816,114.92046915670963
1791485257,60,GET,GET /health,31.600000,0.000000,75,120,160,200,310,390,650,890,890,890,890,5279,0,58,115.34673531517598,2.03758297720924,2463.405791990226,73.0
1791485257,60,POST,POST /v1/predict,155.600000,0.000000,140,220,290,360,510,690,950,1000,1300,1400,1400,26671,0,130,211.6649271640386,7.394040992949158,3397.1776670077816,123.22162648569608
1791485257,60,,Aggregated,187.200000,0.000000,130,200,270,330,490,660,930,1000,1300,1400,1400,31950,0,120,195.75056926826016,2.03758297720924,3397.1776670077816,114.92366197183098
1791485258,60,GET,GET /health,31.800000,0.000000,71,120,160,210,320,390,550,650,890,890,890,5298,0,58,115.8303264554222,2.03758297720924,2463.405791990226,73.0
1791485258,60,POST,POST /v1/predict,156.300000,0.000000,150,240,320,390,550,750,960,1000,1300,1400,1400,26758,0,130,212.49750113263786,7.394040992949158,3397.1776670077816,123.22281186934748
1791485258,60,,Aggregated,188.100000,0.000000,140,210,290,360,520,690,940,1000,1300,1400,1400,32056,0,120,196.52100090054816,2.03758297720924,3397.1776670077816,114.92232343399051
1791485259,60,GET,GET /health,30.500000,0.000000,82,140,210,250,360,530,620,760,890,890,890,5324,0,59,116.51127428020358,2.03758297720924,2463.405791990226,73.0
1791485259,60,POST,POST /v1/predict,144.900000,0.000000,160,260,360,430,620,870,1000,1100,1300,1400,1400,26875,0,130,213.277711583708,7.394040992949158,3397.1776670077816,123.22392558139535
1791485259,60,,Aggregated,175.400000,0.000000,150,240,330,400,590,810,970,1100,1300,1400,1400,32199,0,120,197.2776956762625,2.03758297720924,3397.1776670077816,114.91956271933911
1791485260,60,GET,GET /health,29.700000,0.000000,88,150,210,260,380,590,680,760,890,890,890,5348,0,59,117.0574644053567,2.03758297720924,2463.405791990226,73.0
1791485260,60,POST,POST /v1/predict,145.700000,0.000000,170,260,350,420,630,860,990,1000,1300,1400,1400,26982,0,130,213.95707115477805,7.394040992949158,3397.1776670077816,123.22578014972945
1791485260,60,,Aggregated,175.400000,0.000000,150,240,320,390,600,820,970,1000,1300,1400,1400,32330,0,120,197.92802392632515,2.03758297720924,3397.1776670077816,114.91747602845655
1791485261,60,GET,GET /health,28.600000,0.000000,97,160,210,270,390,590,690,760,890,890,890,5378,0,59,117.17917899568995,2.03758297720924,2463.405791990226,73.0
1791485261,60,POST,POST /v1/predict,139.000000,0.000000,190,280,360,410,600,820,970,1000,1300,1400,1400,27131,0,130,214.1466164620484,7.394040992949158,3397.1776670077816,123.22723084294718
1791485261,60,,Aggregated,167.600000,0.000000,170,260,330,390,580,800,950,1000,1300,1400,1400,32509,0,120,198.10518551387852,2.03758297720924,3397.1776670077816,114.9180842228306
1791485262,60,GET,GET /health,26.400000,0.000000,110,170,210,260,350,590,690,760,890,890,890,5410,0,59,117.1976354772349,2.03758297720924,2463.405791990226,73.0
1791485262,60,POST,POST /v1/predict,132.400000,0.000000,220,300,370,410,610,830,970,1100,1300,1400,1400,27283,0,130,214.30295619171767,7.394040992949158,3397.1776670077816,123.2287871568376
1791485262,60,,Aggregated,158.800000,0.000000,200,280,340,390,590,800,960,1000,1300,1400,1400,32693,0,120,198.23407951887245,2.03758297720924,3397.1776670077816,114.91698528737038
1791485263,60,GET,GET /health,28.100000,0.000000,100,150,200,210,340,550,680,760,890,890,890,5463,0,59,116.74182065288863,2.03758297720924,2463.405791990226,73.0
1791485263,60,POST,POST /v1/predict,136.900000,0.000000,200,290,360,400,600,830,970,1000,1300,1400,1400,27479,0,130,213.7151284796514,7.394040992949158,3397.1776670077816,123.22810145929618
1791485263,60,,Aggregated,165.000000,0.000000,180,260,330,380,570,800,950,1000,1300,1400,1400,32942,0,120,197.63337325356983,2.03758297720924,3397.1776670077816,114.89842753931151
1791485264,60,GET,GET /health,26.900000,0.000000,100,150,200,210,340,550,680,760,890,890,890,5510,0,59,116.66460553136719,2.03758297720924,2463.405791990226,73.0
1791485264,60,POST,POST /v1/predict,131.700000,0.000000,200,280,360,400,600,830,970,1100,1300,1400,1400,27623,0,130,213.46708664682816,7.394040992949158,3397.1776670077816,123.22821561742026
1791485264,60,,Aggregated,158.600000,0.000000,180,260,330,380,570,800,950,1000,1300,1400,1400,33133,0,120,197.36888633456644,2.03758297720924,3397.1776670077816,114.87529049588024
1791485265,60,GET,GET /health,28.400000,0.000000,110,160,200,250,360,590,740,820,890,890,890,5524,0,59,117.18895992067401,2.03758297720924,2463.405791990226,73.0
1791485265,60,POST,POST /v1/predict,133.800000,0.000000,220,310,400,480,730,910,1000,1100,1300,1400,1400,27687,0,130,214.4685988155569,7.394040992949158,3397.1776670077816,123.22931339617871
1791485265,60,,Aggregated,162.200000,0.000000,190,280,360,410,670,870,1000,1100,1300,1400,1400,33211,0,120,198.28803438644266,2.03758297720924,3397.1776670077816,114.87464996537292
1791485266,60,GET,GET /health,31.000000,0.000000,110,160,200,240,360,590,740,820,890,890,890,5544,0,60,117.48872499040996,2.03758297720924,2463.405791990226,73.0
1791485266,60,POST,POST /v1/predict,133.200000,0.000000,220,320,400,500,770,920,1000,1100,1300,1400,1400,27804,0,130,215.2380672723096,7.394040992949158,3397.1776670077816,123.23147748525392
1791485266,60,,Aggregated,164.200000,0.000000,200,280,370,430,700,890,1000,1100,1300,1400,1400,33348,0,120,198.9875468929516,2.03758297720924,3397.1776670077816,114.88065251289433
1791485267,60,GET,GET /health,28.600000,0.000000,100,150,200,220,330,550,680,760,820,820,820,5592,0,60,117.43582207809895,2.03758297720924,2463.405791990226,73.0
1791485267,60,POST,POST /v1/predict,120.800000,0.000000,210,280,350,400,620,830,990,1100,1300,1300,1300,27960,0,130,215.21963007787798,7.394040992949158,3397.1776670077816,123.23279685264664
1791485267,60,,Aggregated,149.400000,0.000000,180,260,320,370,570,790,960,1000,1300,1300,1300,33552,0,120,198.92232874458196,2.03758297720924,3397.1776670077816,114.8606640438722
1791485268,60,GET,GET /health,27.700000,0.000000,100,150,190,210,320,410,570,740,820,820,820,5611,0,60,117.99158449504243,2.03758297720924,2463.405791990226,73.0
1791485268,60,POST,POST /v1/predict,117.800000,0.000000,210,290,360,400,580,770,920,1000,1300,1300,1300,28046,0,130,215.76794903816787,7.394040992949158,3397.1776670077816,123.23365185766241
1791485268,60,,Aggregated,145.500000,0.000000,190,260,320,370,540,710,910,1000,1300,1300,1300,33657,0,120,199.46753065710416,2.03758297720924,3397.1776670077816,114.85913777223163
1791485269,60,GET,GET /health,30.300000,0.000000,100,150,190,210,310,400,520,690,820,820,820,5634,0,61,118.11388888512491,2.03758297720924,2463.405791990226,73.0
1791485269,60,POST,POST /v1/predict,127.400000,0.000000,210,280,340,380,540,700,900,1000,1300,1300,1300,28192,0,130,216.13168696070932,7.394040992949158,3397.1776670077816,123.2355278093076
1791485269,60,,Aggregated,157.700000,0.000000,190,260,310,360,510,650,870,970,1300,1300,1300,33826,0,120,199.80601220289506,2.03758297720924,3397.1776670077816,114.86838526577189
1791485270,60,GET,GET /health,30.700000,0.000000,100,150,190,220,290,380,500,570,820,820,820,5658,0,61,118.26613708127641,2.03758297720924,2463.405791990226,73.0
1791485270,60,POST,POST /v1/predict,127.700000,0.000000,210,280,340,380,530,700,900,1000,1300,1300,1300,28314,0,130,216.34368104565164,7.394040992949158,3397.1776670077816,123.23687928233383
1791485270,60,,Aggregated,158.400000,0.000000,190,260,310,360,500,650,880,1000,1300,1300,1300,33972,0,120,200.00897176299472,2.03758297720924,3397.1776670077816,114.86998116095609
1791485271,60,GET,GET /health,30.500000,0.000000,100,150,190,220,290,380,500,570,820,820,820,5680,0,61,118.25650944505162,2.03758297720924,2463.405791990226,73.0
1791485271,60,POST,POST /v1/predict,128.300000,0.000000,220,280,350,380,540,700,900,1000,1300,1300,1300,28465,0,130,216.5743367831993,7.394040992949158,3397.1776670077816,123.23860881784648
1791485271,60,,Aggregated,158.800000,0.000000,190,260,320,360,510,660,870,970,1300,1300,1300,34145,0,120,200.219225953483,2.03758297720924,3397.1776670077816,114.88144677112315
1791485272,60,GET,GET /health,31.600000,0.000000,100,160,190,220,290,390,500,570,820,820,820,5713,0,61,118.11385173094533,2.03758297720924,2463.405791990226,73.0
1791485272,60,POST,POST /v1/predict,131.200000,0.000000,230,290,350,390,540,710,900,1000,1300,1300,1300,28628,0,130,216.57416714795994,7.394040992949158,3397.1776670077816,123.23980019561269
1791485272,60,,Aggregated,162.800000,0.000000,200,270,330,370,510,660,880,1000,1300,1300,1300,34341,0,120,200.19421950585897,2.03758297720924,3397.1776670077816,114.88186133193558
1791485273,60,GET,GET /health,30.100000,0.000000,120,180,220,250,300,400,520,570,820,820,820,5744,0,61,118.17509771463646,2.03758297720924,2463.405791990226,73.0
1791485273,60,POST,POST /v1/predict,133.300000,0.000000,240,310,370,410,550,710,900,1000,1300,1300,1300,28784,0,130,216.48971216025268,7.394040992949158,3397.1776670077816,123.2398902167871
1791485273,60,,Aggregated,163.400000,0.000000,220,290,350,380,520,680,880,1000,1300,1300,1300,34528,0,120,200.134315225139,2.03758297720924,3397.1776670077816,114.88209569045412
1791485274,60,GET,GET /health,30.600000,0.000000,110,160,200,240,300,410,520,570,820,820,820,5771,0,61,118.1607877721072,2.03758297720924,2463.405791990226,73.0
1791485274,60,POST,POST /v1/predict,134.700000,0.000000,230,310,370,410,560,700,880,1000,1300,1300,1300,28929,0,130,216.5884519410192,7.394040992949158,3397.1776670077816,123.24027792180857
1791485274,60,,Aggregated,165.300000,0.000000,210,280,340,380,530,680,860,960,1300,1300,1300,34700,0,120,200.21882514220712,2.03758297720924,3397.1776670077816,114.88475504322767
1791485275,60,GET,GET /health,28.600000,0.000000,110,150,190,220,290,370,460,520,530,530,530,5798,0,61,118.19072892685101,2.03758297720924,2463.405791990226,73.0
1791485275,60,POST,POST /v1/predict,130.600000,0.000000,210,270,340,380,490,580,700,770,890,900,900,29097,0,130,216.52718789692437,7.394040992949158,3397.1776670077816,123.24054026188267
1791485275,60,,Aggregated,159.200000,0.000000,190,260,320,360,470,560,690,750,890,900,900,34895,0,120,200.18803360237,2.03758297720924,3397.1776670077816,114.89279266370541
1791485276,60,GET,GET /health,26.000000,0.000000,110,150,190,230,290,400,470,520,530,530,530,5824,0,61,118.33172361915646,2.03758297720924,2463.405791990226,73.0
1791485276,60,POST,POST /v1/predict,126.500000,0.000000,200,270,340,380,490,580,700,770,890,900,900,29215,0,130,216.4993251703857,7.394040992949158,3397.1776670077816,123.2406982714359
1791485276,60,,Aggregated,152.500000,0.000000,180,260,320,360,470,560,690,740,890,900,900,35039,0,120,200.18241796885752,2.03758297720924,3397.1776670077816,114.88995119723737
1791485277,60,GET,GET /health,27.400000,0.000000,95,140,170,200,280,370,410,470,600,600,600,5859,0,61,118.25907431284034,2.03758297720924,2463.405791990226,73.0
1791485277,60,POST,POST /v1/predict,138.100000,0.000000,200,270,330,370,490,570,690,740,890,900,900,29373,0,130,216.74422719210256,7.394040992949158,3397.1776670077816,123.24154836073946
1791485277,60,,Aggregated,165.500000,0.000000,180,250,310,350,470,560,670,720,890,900,900,35232,0,120,200.3663743674097,2.03758297720924,3397.1776670077816,114.88649523160763
1791485278,60,GET,GET /health,27.900000,0.000000,89,140,170,200,270,340,400,470,600,600,600,5879,0,61,118.31528637656142,2.03758297720924,2463.405791990226,73.0
1791485278,60,POST,POST /v1/predict,142.800000,0.000000,200,270,330,380,490,570,640,700,860,900,900,29522,0,140,216.89607301962644,7.394040992949158,3397.1776670077816,123.24300521644875
1791485278,60,,Aggregated,170.700000,0.000000,180,250,310,360,470,550,640,690,860,900,900,35401,0,120,200.52488450307152,2.03758297720924,3397.1776670077816,114.89921188666987
1791485279,60,GET,GET /health,27.100000,0.000000,85,130,160,170,260,330,400,470,600,600,600,5915,0,61,118.10590204020032,2.03758297720924,2463.405791990226,73.0
1791485279,60,POST,POST /v1/predict,141.100000,0.000000,180,260,320,360,470,560,640,700,860,900,900,29686,0,140,216.75508543954822,7.394040992949158,3397.1776670077816,123.24375126322172
1791485279,60,,Aggregated,168.200000,0.000000,160,240,290,340,440,540,640,690,860,900,900,35601,0,120,200.36481775585617,2.03758297720924,3397.1776670077816,114.89590180051123
1791485280,60,GET,GET /health,26.900000,0.000000,83,130,150,170,260,330,400,470,600,600,600,5933,0,62,118.05062472370592,2.03758297720924,2463.405791990226,73.0
1791485280,60,POST,POST /v1/predict,144.700000,0.000000,180,260,310,360,470,570,690,770,900,920,920,29778,0,140,217.1413380340993,7.394040992949158,3397.1776670077816,123.24501309691719
1791485280,60,,Aggregated,171.600000,0.000000,160,230,290,330,440,550,670,750,900,920,920,35711,0,120,200.67847779298194,2.03758297720924,3397.1776670077816,114.89734255551511
1791485281,60,GET,GET /health,27.800000,0.000000,83,130,150,190,280,400,530,600,700,700,700,5954,0,62,118.40064531266933,2.03758297720924,2463.405791990226,73.0
1791485281,60,POST,POST /v1/predict,149.800000,0.000000,180,260,330,380,520,650,800,880,1100,1200,1200,29894,0,140,217.8190280026189,7.394040992949158,3397.1776670077816,123.24637050913226
1791485281,60,,Aggregated,177.600000,0.000000,160,240,300,360,500,630,780,870,1100,1200,1200,35848,0,120,201.30661306912384,2.03758297720924,3397.1776670077816,114.90094286989512
1791485282,60,GET,GET /health,27.500000,0.000000,83,130,160,180,290,400,500,600,700,700,700,5989,0,62,118.43400418511702,2.03758297720924,2463.405791990226,73.0
1791485282,60,POST,POST /v1/predict,148.200000,0.000000,180,270,350,400,560,690,830,900,1100,1200,1200,30020,0,140,218.11124618261783,7.394040992949158,3397.1776670077816,123.24696868754164
1791485282,60,,Aggregated,175.700000,0.000000,160,250,320,370,520,670,800,890,1100,1200,1200,36009,0,120,201.5329740194641,2.03758297720924,3397.1776670077816,114.88991640978644
1791485283,60,GET,GET /health,27.500000,0.000000,88,130,160,200,280,400,500,600,700,700,700,6034,0,62,118.45108966234503,2.03758297720924,2463.405791990226,73.0
1791485283,60,POST,POST /v1/predict,142.500000,0.000000,190,270,340,390,560,690,830,900,1100,1200,1200,30183,0,140,218.112389916618,7.394040992949158,3397.1776670077816,123.24705960308783
1791485283,60,,Aggregated,170.000000,0.000000,160,250,310,360,520,660,800,890,1100,1200,1200,36217,0,120,201.50813540259838,2.03758297720924,3397.1776670077816,114.87555567827263
1791485284,60,GET,GET /health,28.000000,0.000000,81,120,160,190,270,390,500,600,700,700,700,6058,0,62,118.3519168625863,2.03758297720924,2463.405791990226,73.0
1791485284,60,POST,POST /v1/predict,141.200000,0.000000,190,270,330,390,560,680,800,890,1100,1200,1200,30339,0,140,218.1376495141703,7.394040992949158,3397.1776670077816,123.24710768318006
1791485284,60,,Aggregated,169.200000,0.000000,170,250,310,360,520,640,790,880,1100,1200,1200,36397,0,120,201.52908374217643,2.03758297720924,3397.1776670077816,114.88386405472978
1791485285,60,GET,GET /health,28.900000,0.000000,83,130,160,200,300,400,500,600,700,700,700,6082,0,62,118.33823369805131,2.03758297720924,2463.405791990226,73.0
1791485285,60,POST,POST /v1/predict,138.600000,0.000000,190,270,340,390,570,680,800,890,1100,1200,1200,30509,0,140,217.93803396224828,7.394040992949158,3397.1776670077816,123.24687797043495
1791485285,60,,Aggregated,167.500000,0.000000,170,250,310,360,540,660,790,880,1100,1200,1200,36591,0,120,201.38297984492954,2.03758297720924,3397.1776670077816,114.89505616135115
1791485286,60,GET,GET /health,28.400000,0.000000,73,110,150,180,270,350,450,530,700,700,700,6119,0,62,118.13416684665069,2.03758297720924,2463.405791990226,73.0
1791485286,60,POST,POST /v1/predict,140.100000,0.000000,170,250,310,360,550,680,800,890,1100,1200,1200,30676,0,140,217.69155564827287,7.394040992949158,3397.1776670077816,123.24690311644282
1791485286,60,,Aggregated,168.500000,0.000000,150,230,290,330,510,650,780,880,1100,1200,1200,36795,0,120,201.13518488928142,2.03758297720924,3397.1776670077816,114.89085473569779
1791485287,60,GET,GET /health,27.700000,0.000000,70,110,150,180,260,340,450,530,700,700,700,6163,0,62,117.94936427952973,2.03758297720924,2463.405791990226,73.0
1791485287,60,POST,POST /v1/predict,142.200000,0.000000,160,240,310,350,540,670,800,890,1100,1200,1200,30863,0,140,217.3423760891071,7.394040992949158,3397.1776670077816,123.24663836956874
1791485287,60,,Aggregated,169.900000,0.000000,140,210,280,320,480,640,780,880,1100,1200,1200,37026,0,120,200.79834941103258,2.03758297720924,3397.1776670077816,114.88305515043483
1791485288,60,GET,GET /health,28.700000,0.000000,69,120,160,200,270,350,500,530,700,700,700,6187,0,62,118.06050494500329,2.03758297720924,2463.405791990226,73.0
1791485288,60,POST,POST /v1/predict,143.300000,0.000000,160,260,330,380,560,680,800,890,1100,1200,1200,30991,0,140,217.65275721806282,7.394040992949158,3397.1776670077816,123.24758800942209
1791485288,60,,Aggregated,172.000000,0.000000,140,230,300,340,520,650,780,880,1100,1200,1200,37178,0,120,201.07905059550697,2.03758297720924,3397.1776670077816,114.88560438969283
1791485289,60,GET,GET /health,30.000000,0.000000,68,120,160,210,300,400,520,660,700,700,700,6221,0,62,118.18152341002929,2.03758297720924,2463.405791990226,73.0
1791485289,60,POST,POST /v1/predict,146.800000,0.000000,160,250,330,380,560,670,790,890,1100,1200,1200,31128,0,140,217.79169366360682,7.394040992949158,3397.1776670077816,123.24855435620663
1791485289,60,,Aggregated,176.800000,0.000000,140,230,300,350,520,640,760,880,1100,1200,1200,37349,0,120,201.20022216109078,2.03758297720924,3397.1776670077816,114.87895258239845
1791485290,60,GET,GET /health,31.100000,0.000000,68,120,170,210,300,400,520,660,670,670,670,6243,0,62,118.42290380678634,2.03758297720924,2463.405791990226,73.0
1791485290,60,POST,POST /v1/predict,146.900000,0.000000,160,250,320,380,530,630,730,850,1100,1200,1200,31231,0,140,218.15196228720544,7.394040992949158,3397.1776670077816,123.2497838685921
1791485290,60,,Aggregated,178.000000,0.000000,140,230,300,340,500,610,710,810,1100,1200,1200,37474,0,120,201.53754930505187,2.03758297720924,3397.1776670077816,114.87839568767679
1791485291,60,GET,GET /health,29.600000,0.000000,63,100,160,210,290,400,500,660,670,670,670,6275,0,62,118.30666563215766,2.03758297720924,2463.405791990226,73.0
1791485291,60,POST,POST /v1/predict,143.400000,0.000000,160,240,310,370,510,610,710,790,1100,1100,1100,31388,0,140,218.29051158148798,7.394040992949158,3397.1776670077816,123.25082834204154
1791485291,60,,Aggregated,173.000000,0.000000,140,220,290,330,480,590,700,760,1100,1100,1100,37663,0,120,201.63228909968842,2.03758297720924,3397.1776670077816,114.87858110081513
1791485292,60,GET,GET /health,30.700000,0.000000,58,96,150,190,290,400,490,660,670,670,670,6297,0,62,118.26617941176312,2.03758297720924,2463.405791990226,73.0
1791485292,60,POST,POST /v1/predict,142.600000,0.000000,150,240,310,360,500,600,710,810,1100,1100,1100,31510,0,140,218.32427475337897,7.394040992949158,3397.1776670077816,123.25115836242463
1791485292,60,,Aggregated,173.300000,0.000000,140,220,290,330,470,580,690,760,1100,1100,1100,37807,0,120,201.6589528191836,2.03758297720924,3397.1776670077816,114.88150342529161
1791485293,60,GET,GET /health,31.000000,0.000000,57,100,160,200,310,440,520,660,670,670,670,6329,0,62,118.34890668744391,2.03758297720924,2463.405791990226,73.0
1791485293,60,POST,POST /v1/predict,147.900000,0.000000,160,260,340,380,530,630,730,850,1100,1100,1100,31678,0,140,218.66503333081724,7.394040992949158,3397.1776670077816,123.25206768104047
1791485293,60,,Aggregated,178.900000,0.000000,140,230,310,360,500,610,720,810,1100,1100,1100,38007,0,120,201.96019565549753,2.03758297720924,3397.1776670077816,114.88399505354276
1791485294,60,GET,GET /health,30.900000,0.000000,63,110,160,210,330,450,580,660,670,670,670,6350,0,62,118.45585156910444,2.03758297720924,2463.405791990226,73.0
1791485294,60,POST,POST /v1/predict,150.300000,0.000000,170,290,370,410,560,640,760,850,1100,1100,1100,31780,0,140,219.07890957572874,7.394040992949158,3397.1776670077816,123.25295783511642
1791485294,60,,Aggregated,181.200000,0.000000,150,250,330,380,530,620,730,830,1100,1100,1100,38130,0,120,202.32159464412558,2.03758297720924,3397.1776670077816,114.88405455022293
1791485295,60,GET,GET /health,29.200000,0.000000,66,120,160,210,290,460,600,660,940,940,940,6374,0,62,118.54170805297736,2.03758297720924,2463.405791990226,73.0
1791485295,60,POST,POST /v1/predict,148.100000,0.000000,190,290,370,400,550,640,800,910,1200,1400,1400,31890,0,140,219.15066288610416,7.394040992949158,3397.1776670077816,123.25321417372217
1791485295,60,,Aggregated,177.300000,0.000000,160,260,330,380,530,630,780,890,1200,1400,1400,38264,0,120,202.39126820425392,2.03758297720924,3397.1776670077816,114.88205624085302
1791485296,60,GET,GET /health,29.300000,0.000000,62,110,160,200,340,490,660,760,940,940,940,6396,0,62,118.48834810267297,2.03758297720924,2463.405791990226,73.0
1791485296,60,POST,POST /v1/predict,145.100000,0.000000,190,290,380,430,590,730,1100,1300,1500,1600,1600,32019,0,140,219.52653091858306,7.394040992949158,3397.1776670077816,123.25288110184577
1791485296,60,,Aggregated,174.400000,0.000000,160,260,340,390,570,710,1000,1300,1500,1600,1600,38415,0,120,202.70392992182332,2.03758297720924,3397.1776670077816,114.88590394377196
1791485297,60,GET,GET /health,29.000000,0.000000,58,110,160,200,360,520,660,760,940,940,940,6411,0,62,118.28573446774607,2.03758297720924,2463.405791990226,73.0
1791485297,60,POST,POST /v1/predict,138.700000,0.000000,180,290,380,460,630,900,1200,1400,1500,1600,1600,32168,0,140,219.7483540896001,7.394040992949158,3397.1776670077816,123.25248694354639
1791485297,60,,Aggregated,167.700000,0.000000,160,260,340,430,610,830,1200,1300,1500,1600,1600,38579,0,120,202.88744907921435,2.03758297720924,3397.1776670077816,114.90160449985744
1791485298,60,GET,GET /health,28.200000,0.000000,54,100,160,190,360,580,670,760,940,940,940,6432,0,62,118.40112384775533,2.03758297720924,2463.405791990226,73.0
1791485298,60,POST,POST /v1/predict,133.900000,0.000000,160,260,350,440,680,960,1200,1400,1500,1600,1600,32317,0,140,219.95484261454297,7.394040992949158,3397.1776670077816,123.25215830677352
1791485298,60,,Aggregated,162.100000,0.000000,140,230,320,410,630,910,1200,1300,1500,1600,1600,38749,0,120,203.09780064938406,2.03758297720924,3397.1776670077816,114.9107331802111
1791485299,60,GET,GET /health,25.300000,0.000000,51,100,150,180,430,580,760,870,940,940,940,6463,0,62,118.81055942871822,2.03758297720924,2463.405791990226,73.0
1791485299,60,POST,POST /v1/predict,131.300000,0.000000,150,250,350,450,760,1000,1200,1400,1500,1600,1600,32445,0,140,220.41503650220545,7.394040992949158,3397.1776670077816,123.25270457697643
1791485299,60,,Aggregated,156.600000,0.000000,130,220,310,420,680,960,1200,1300,1500,1600,1600,38908,0,120,203.53753739338686,2.03758297720924,3397.1776670077816,114.90523799732703
1791485300,60,GET,GET /health,24.200000,0.000000,54,110,160,180,310,580,760,870,940,940,940,6495,0,62,118.83448798520318,2.03758297720924,2463.405791990226,73.0
1791485300,60,POST,POST /v1/predict,131.600000,0.000000,150,230,330,420,700,1000,1200,1400,1500,1600,1600,32607,0,140,220.33174851329625,7.394040992949158,3397.1776670077816,123.25350384886681
1791485300,60,,Aggregated,155.800000,0.000000,130,210,290,380,640,940,1200,1300,1500,1600,1600,39102,0,120,203.47264393731703,2.03758297720924,3397.1776670077816,114.90619405657
1791485301,60,GET,GET /health,24.800000,0.000000,57,110,160,190,310,580,760,870,940,940,940,6526,0,62,118.72869104458707,2.03758297720924,2463.405791990226,73.0
1791485301,60,POST,POST /v1/predict,130.700000,0.000000,160,240,330,400,680,1000,1200,1400,1500,1600,1600,32760,0,140,220.37324036380332,7.394040992949158,3397.1776670077816,123.25473137973138
1791485301,60,,Aggregated,155.500000,0.000000,140,220,290,360,640,940,1200,1300,1500,1600,1600,39286,0,120,203.48854024525775,2.03758297720924,3397.1776670077816,114.90665886066283
1791485302,60,GET,GET /health,25.100000,0.000000,55,110,160,190,280,570,760,870,940,940,940,6551,0,62,118.70397630221846,2.03758297720924,2463.405791990226,73.0
1791485302,60,POST,POST /v1/predict,135.600000,0.000000,150,230,300,360,630,1000,1200,1400,1500,1600,1600,32904,0,140,220.36799659947252,7.394040992949158,3397.1776670077816,123.25537928519329
1791485302,60,,Aggregated,160.700000,0.000000,140,210,280,330,600,940,1200,1300,1500,1600,1600,39455,0,120,203.48798146913958,2.03758297720924,3397.1776670077816,114.9111139272589
1791485303,60,GET,GET /health,24.700000,0.000000,58,110,160,190,290,530,760,870,940,940,940,6581,0,62,118.72415189026422,2.03758297720924,2463.405791990226,73.0
1791485303,60,POST,POST /v1/predict,135.600000,0.000000,160,230,300,370,650,990,1200,1400,1500,1600,1600,33046,0,140,220.48291719939107,7.394040992949158,3397.1776670077816,123.25549234400533
1791485303,60,,Aggregated,160.300000,0.000000,140,210,280,330,610,930,1200,1300,1500,1600,1600,39627,0,120,203.5834689822831,2.03758297720924,3397.1776670077816,114.9093799682035
1791485304,60,GET,GET /health,24.900000,0.000000,59,100,170,190,270,520,730,870,940,940,940,6614,0,62,118.82555146366434,2.03758297720924,2463.405791990226,73.0
1791485304,60,POST,POST /v1/predict,135.200000,0.000000,150,220,280,330,620,980,1200,1400,1500,1600,1600,33179,0,140,220.45426422414997,7.394040992949158,3397.1776670077816,123.25603544410622
1791485304,60,,Aggregated,160.100000,0.000000,130,200,260,310,530,930,1200,1300,1500,1600,1600,39793,0,120,203.56254190620908,2.03758297720924,3397.1776670077816,114.9029728846782
1791485305,60,GET,GET /health,25.300000,0.000000,72,120,180,200,280,510,680,810,870,870,870,6641,0,62,118.83673730802929,2.03758297720924,2463.405791990226,73.0
1791485305,60,POST,POST /v1/predict,137.700000,0.000000,170,250,330,380,600,910,1100,1200,1400,1400,1400,33309,0,140,220.99090114215178,7.394040992949158,3397.1776670077816,123.25770812693266
1791485305,60,,Aggregated,163.000000,0.000000,150,230,300,360,540,870,1100,1200,1400,1400,1400,39950,0,120,204.00952937688584,2.03758297720924,3397.1776670077816,114.90322903629537
1791485306,60,GET,GET /health,26.800000,0.000000,75,130,180,200,260,440,620,730,870,870,870,6685,0,62,118.71974183015404,2.03758297720924,2463.405791990226,73.0
1791485306,60,POST,POST /v1/predict,142.200000,0.000000,180,260,330,370,530,740,1000,1100,1200,1300,1300,33462,0,140,220.8908028104632,7.394040992949158,3397.1776670077816,123.25823321977168
1791485306,60,,Aggregated,169.000000,0.000000,170,230,290,340,500,680,950,1100,1200,1300,1300,40147,0,120,203.87798634464173,2.03758297720924,3397.1776670077816,114.88958079059456
1791485307,60,GET,GET /health,26.300000,0.000000,80,130,180,200,250,380,570,680,870,870,870,6714,0,62,118.70706328336426,2.03758297720924,2463.405791990226,73.0
1791485307,60,POST,POST /v1/predict,140.600000,0.000000,190,260,320,360,480,620,860,970,1200,1300,1300,33574,0,140,220.7497056084878,7.394040992949158,3397.1776670077816,123.258027044737
1791485307,60,,Aggregated,166.900000,0.000000,170,240,290,330,460,600,810,930,1200,1300,1300,40288,0,120,203.74428710742419,2.03758297720924,3397.1776670077816,114.88252084988086
1791485308,60,GET,GET /health,27.600000,0.000000,90,150,190,210,260,360,520,660,870,870,870,6733,0,62,119.11946095224641,2.03758297720924,2463.405791990226,73.0
1791485308,60,POST,POST /v1/predict,142.300000,0.000000,200,280,330,380,510,640,860,1100,1200,1200,1200,33696,0,140,221.48389622194048,7.394040992949158,3397.1776670077816,123.25893281101614
1791485308,60,,Aggregated,169.900000,0.000000,180,250,310,350,480,620,820,950,1200,1200,1200,40429,0,130,204.4362387812217,2.03758297720924,3397.1776670077816,114.888866902471
1791485309,60,GET,GET /health,30.500000,0.000000,84,140,190,210,250,360,450,640,810,810,810,6763,0,62,119.02744592007679,2.03758297720924,2463.405791990226,73.0
1791485309,60,POST,POST /v1/predict,145.100000,0.000000,200,280,330,370,510,640,800,910,1200,1200,1200,33860,0,140,221.43209096448604,7.394040992949158,3397.1776670077816,123.25883047844064
1791485309,60,,Aggregated,175.600000,0.000000,180,250,310,350,470,610,730,900,1200,1200,1200,40623,0,130,204.38355652746006,2.03758297720924,3397.1776670077816,114.89163774216577
1791485310,60,GET,GET /health,29.800000,0.000000,80,130,190,200,260,380,440,500,810,810,810,6811,0,62,118.93838516259714,2.03758297720924,2463.405791990226,73.0
1791485310,60,POST,POST /v1/predict,137.200000,0.000000,180,270,330,380,520,630,800,910,1200,1200,1200,34033,0,140,221.20231604890853,7.394040992949158,3397.1776670077816,123.25886639438193
1791485310,60,,Aggregated,167.000000,0.000000,160,240,300,350,470,610,730,900,1200,1200,1200,40844,0,130,204.14914708243518,2.03758297720924,3397.1776670077816,114.87787679952991
1791485311,60,GET,GET /health,29.900000,0.000000,77,120,180,200,270,380,450,640,810,810,810,6838,0,62,118.76286586713154,2.03758297720924,2463.405791990226,73.0
1791485311,60,POST,POST /v1/predict,140.200000,0.000000,180,260,330,390,540,650,810,910,1200,1200,1200,34157,0,140,221.22876991938602,7.394040992949158,3397.1776670077816,123.25944901484323
1791485311,60,,Aggregated,170.100000,0.000000,160,230,300,350,500,640,790,900,1200,1200,1200,40995,0,130,204.1373721413816,2.03758297720924,3397.1776670077816,114.87613123551652
1791485312,60,GET,GET /health,30.400000,0.000000,76,130,180,210,300,420,660,810,910,910,910,6857,0,62,119.32005226533383,2.03758297720924,2463.405791990226,73.0
1791485312,60,POST,POST /v1/predict,143.000000,0.000000,180,260,330,390,570,700,900,1100,1200,1200,1200,34282,0,140,221.64031779950125,7.394040992949158,3397.1776670077816,123.26001983548218
1791485312,60,,Aggregated,173.400000,0.000000,160,230,300,360,530,680,880,1000,1200,1200,1200,41139,0,130,204.58569661843845,2.03758297720924,3397.1776670077816,114.88273900678189
1791485313,60,GET,GET /health,32.200000,0.000000,67,120,170,200,320,440,660,810,910,910,910,6896,0,62,119.07204721484449,2.03758297720924,2463.405791990226,73.0
1791485313,60,POST,POST /v1/predict,140.800000,0.000000,170,250,330,390,580,710,900,1100,1200,1200,1200,34456,0,140,221.44739272082407,7.394040992949158,3397.1776670077816,123.25949036452288
1791485313,60,,Aggregated,173.000000,0.000000,150,220,300,360,550,680,880,1000,1200,1200,1200,41352,0,130,204.3749323172356,2.03758297720924,3397.1776670077816,114.87804701102728
1791485314,60,GET,GET /health,30.300000,0.000000,57,93,140,190,300,420,640,790,910,910,910,6927,0,62,118.82908122975826,2.03758297720924,2463.405791990226,73.0
1791485314,60,POST,POST /v1/predict,136.400000,0.000000,150,220,300,360,580,710,890,1100,1200,1200,1200,34597,0,140,221.41758032155323,7.394040992949158,3397.1776670077816,123.2594733647426
1791485314,60,,Aggregated,166.700000,0.000000,130,200,270,320,540,690,870,1000,1200,1200,1200,41524,0,120,204.3038501123051,2.03758297720924,3397.1776670077816,114.8752287833542
1791485315,60,GET,GET /health,31.000000,0.000000,56,90,130,180,340,440,660,810,910,910,910,6951,0,62,118.93759234420166,2.03758297720924,2463.405791990226,73.0
1791485315,60,POST,POST /v1/predict,140.100000,0.000000,150,210,300,370,630,740,930,1100,1200,1200,1200,34738,0,140,221.62993966031544,7.394040992949158,3397.1776670077816,123.26008981518798
1791485315,60,,Aggregated,171.100000,0.000000,130,190,270,340,590,720,900,1000,1200,1200,1200,41689,0,130,204.5075691022725,2.03758297720924,3397.1776670077816,114.87999232411427
1791485316,60,GET,GET /health,30.500000,0.000000,60,100,150,210,400,530,760,890,910,910,910,6968,0,62,119.24813447898588,2.03758297720924,2463.405791990226,73.0
1791485316,60,POST,POST /v1/predict,138.600000,0.000000,150,220,340,440,650,790,930,1100,1200,1200,1200,34845,0,140,221.9227357498304,7.394040992949158,3397.1776670077816,123.26058257999713
1791485316,60,,Aggregated,169.100000,0.000000,140,200,300,400,620,760,910,1000,1200,1200,1200,41813,0,130,204.81234851009148,2.03758297720924,3397.1776670077816,114.88482051036759
1791485317,60,GET,GET /health,31.600000,0.000000,61,110,150,190,390,500,760,890,910,910,910,6998,0,62,119.53320701294955,2.03758297720924,2463.405791990226,73.0
1791485317,60,POST,POST /v1/predict,143.400000,0.000000,160,230,330,430,630,790,950,1000,1200,1200,1200,34979,0,140,222.44582741672843,7.394040992949158,3397.1776670077816,123.26212870579491
1791485317,60,,Aggregated,175.000000,0.000000,140,210,300,380,600,750,910,1000,1200,1200,1200,41977,0,130,205.2892293371703,2.03758297720924,3397.1776670077816,114.88291207089597
1791485318,60,GET,GET /health,29.800000,0.000000,60,110,160,200,370,460,750,890,910,910,910,7029,0,62,119.57723079551025,2.03758297720924,2463.405791990226,73.0
1791485318,60,POST,POST /v1/predict,141.700000,0.000000,160,230,340,430,610,740,890,970,1100,1100,1100,35121,0,140,222.52840345067077,7.394040992949158,3397.1776670077816,123.26246405284587
1791485318,60,,Aggregated,171.500000,0.000000,140,210,300,390,590,720,880,950,1100,1100,1100,42150,0,130,205.36010469401364,2.03758297720924,3397.1776670077816,114.88061684460261
1791485319,60,GET,GET /health,27.500000,0.000000,65,120,170,210,370,460,750,890,910,910,910,7054,0,62,119.58107186370718,2.03758297720924,2463.405791990226,73.0
1791485319,60,POST,POST /v1/predict,134.000000,0.000000,170,250,350,430,600,740,890,970,1100,1100,1100,35257,0,140,222.5881367226344,7.394040992949158,3397.1776670077816,123.26312505318093
1791485319,60,,Aggregated,161.500000,0.000000,160,230,320,390,580,720,880,960,1100,1100,1100,42311,0,130,205.41501778158252,2.03758297720924,3397.1776670077816,114.88336366429533
1791485320,60,GET,GET /health,29.000000,0.000000,65,130,180,230,380,530,790,890,910,910,910,7075,0,62,119.75412638539567,2.03758297720924,2463.405791990226,73.0
1791485320,60,POST,POST /v1/predict,141.400000,0.000000,180,280,380,450,630,780,930,970,1100,1100,1100,35398,0,140,222.8118306356562,7.394040992949158,3397.1776670077816,123.26371546415052
1791485320,60,,Aggregated,170.400000,0.000000,160,250,340,420,600,750,900,970,1100,1100,1100,42473,0,130,205.64484790378984,2.03758297720924,3397.1776670077816,114.89096602547501
1791485321,60,GET,GET /health,29.400000,0.000000,65,120,170,220,340,490,750,890,910,910,910,7099,0,62,119.6930608076723,2.03758297720924,2463.405791990226,73.0
1791485321,60,POST,POST /v1/predict,139.100000,0.000000,170,260,360,450,600,720,890,970,1100,1100,1100,35522,0,140,222.8080396904147,7.394040992949158,3397.1776670077816,123.26375204098868
1791485321,60,,Aggregated,168.500000,0.000000,150,230,330,400,580,710,880,960,1100,1100,1100,42621,0,130,205.63309693711105,2.03758297720924,3397.1776670077816,114.89176696933437
1791485322,60,GET,GET /health,27.100000,0.000000,77,140,190,240,340,420,610,750,910,910,910,7124,0,63,119.91784287333857,2.03758297720924,2463.405791990226,73.0
1791485322,60,POST,POST /v1/predict,134.700000,0.000000,200,300,400,460,600,720,870,940,1100,1100,1100,35645,0,140,223.32852750542241,7.394040992949158,3397.1776670077816,123.26559124701922
1791485322,60,,Aggregated,161.800000,0.000000,180,280,370,430,560,710,840,930,1100,1100,1100,42769,0,130,206.10348793660117,2.03758297720924,3397.1776670077816,114.89288970983657
1791485323,60,GET,GET /health,26.000000,0.000000,99,160,220,270,350,430,630,750,910,910,910,7148,0,63,120.1603706633579,2.03758297720924,2463.405791990226,73.0
1791485323,60,POST,POST /v1/predict,137.300000,0.000000,220,320,400,450,570,710,880,940,1100,1100,1100,35764,0,140,223.53010462011648,7.394040992949158,3397.1776670077816,123.26669276367296
1791485323,60,,Aggregated,163.300000,0.000000,200,290,370,430,550,690,850,930,1100,1100,1100,42912,0,130,206.3114511357099,2.03758297720924,3397.1776670077816,114.893596196868
